510 477 141 848 143 135 101 478 973 655 
843 186 587 661 360 499 812 233 472 468 
372 541 159 899 292 286 25 339 578 888 
258 919 290 57 271 593 927 347 246 224 
980 755 673 469 455 732 367 934 722 127 
74 378 171 569 79 36 707 215 507 177 
939 973 784 439 805 821 724 210 288 172 
475 363 648 36 596 782 156 248 998 250 
281 562 683 811 119 942 855 945 695 905 
372 154 33 154 997 877 481 868 121 104 
128 11 990 564 936 464 634 912 406 935 
49 194 193 415 215 159 250 912 564 134 
711 526 321 766 834 445 425 102 42 191 
643 244 834 473 491 791 143 392 490 17 
847 127 251 890 590 59 694 836 388 811 
114 889 339 719 198 877 705 980 1 871 
935 151 653 775 946 826 207 823 508 4 
642 74 212 476 393 963 348 111 625 944 
285 542 979 223 483 900 899 187 843 666 
62 483 963 150 549 537 915 514 549 365 
742 27 398 514 711 428 589 659 327 40 
805 186 43 403 111 988 401 362 786 676 
804 126 622 242 730 168 702 537 999 424 
55 555 531 721 504 789 229 625 356 992 
613 58 12 70 394 848 66 900 331 835 
236 28 524 579 846 144 597 976 526 388 
7 207 253 376 280 609 95 691 214 87 
272 345 546 629 657 616 961 652 52 793 
652 982 420 193 259 80 356 197 61 168 
359 21 194 735 135 293 200 728 725 722 
589 205 622 812 129 403 949 88 232 959 
478 858 489 677 968 186 713 568 571 75 
180 823 681 839 845 686 766 750 266 293 
345 612 674 242 164 814 844 722 615 412 
970 159 936 108 74 820 940 751 557 28 
100 776 821 133 307 797 544 735 128 248 
336 346 168 357 373 711 866 698 912 765 
778 146 13 668 342 872 402 873 375 757 
350 979 433 517 90 885 0 590 140 333 
722 286 567 673 679 243 726 715 994 404 
41 480 737 676 841 78 896 978 265 607 
552 64 476 967 568 118 367 694 197 348 
90 85 79 209 808 393 842 316 138 405 
274 450 717 173 632 504 378 659 594 709 
108 119 490 269 952 806 661 403 599 227 
168 51 803 411 735 523 987 133 394 835 
509 322 2 863 797 205 768 592 146 787 
716 690 353 224 707 850 537 378 830 899 
722 646 209 709 355 729 802 874 23 79 
779 561 790 765 827 898 353 933 960 837 
778 95 246 38 756 851 398 182 892 581 
279 263 902 658 191 244 440 622 854 204 
492 645 877 638 843 447 435 748 748 991 
953 483 544 778 564 95 482 323 68 213 
957 569 443 954 730 714 138 289 560 826 
631 40 131 842 741 939 952 253 279 69 
16 1 690 451 224 863 940 487 754 303 
597 198 657 317 972 130 402 332 306 620 
720 276 218 773 707 585 369 444 180 498 
204 492 662 443 39 302 886 248 895 153 
882 693 300 653 495 953 906 353 476 56 
867 349 615 672 433 482 736 701 875 474 
449 229 119 549 586 876 533 197 273 698 
759 327 133 464 46 920 352 689 68 670 
203 917 591 363 792 250 673 518 770 306 
64 910 81 21 123 751 426 792 705 396 
113 841 559 463 582 177 198 535 876 775 
865 568 609 583 297 674 969 859 58 457 
183 937 879 756 759 115 261 247 279 354 
686 532 137 583 168 215 479 913 611 696 
486 894 871 554 3 45 403 956 356 991 
958 219 431 939 558 108 636 74 207 996 
585 390 469 672 281 0 717 589 325 265 
938 834 550 489 493 827 216 522 215 201 
345 40 966 327 497 988 812 455 31 909 
527 915 871 100 664 125 861 479 123 124 
820 995 503 432 186 776 418 885 358 878 
940 111 376 393 402 384 214 736 259 771 
635 40 750 856 634 883 755 131 846 636 
478 438 985 950 47 251 645 154 540 683 
757 898 906 540 609 938 131 708 827 205 
181 868 313 200 194 542 879 946 402 297 
797 118 789 689 478 815 404 287 898 671 
655 201 352 772 968 497 856 345 730 423 
761 896 762 372 364 158 918 651 18 957 
791 57 910 179 50 121 463 376 509 417 
126 277 101 462 640 723 643 376 33 326 
137 311 844 362 595 513 104 77 868 937 
103 703 690 881 549 200 731 58 46 882 
990 944 515 761 182 129 83 622 992 269 
154 543 593 39 666 266 100 767 550 631 
847 26 199 115 511 603 984 540 146 107 
888 719 191 63 288 528 278 184 379 535 
292 285 393 989 935 315 175 419 238 217 
808 746 394 966 259 526 51 708 304 787 
926 705 697 633 514 838 90 619 372 996 
186 455 307 336 612 402 387 331 914 633 
582 569 471 934 840 337 192 276 788 748 
381 255 287 611 969 50 175 863 128 337 
337 411 23 985 965 149 561 452 152 605 
57 397 68 626 57 591 439 70 521 499 
714 249 614 278 806 666 769 922 808 900 
889 26 412 556 776 599 705 906 567 721 
399 871 554 128 894 496 969 314 304 363 
856 8 4 907 203 356 747 978 735 445 
656 134 623 622 667 947 461 526 621 581 
960 396 701 444 753 164 133 367 257 196 
863 194 861 769 329 117 809 722 968 584 
160 703 912 701 865 201 956 82 817 374 
126 278 894 294 462 729 436 198 776 973 
19 466 660 297 826 283 441 564 895 600 
702 90 736 552 107 601 253 223 409 974 
6 615 97 802 625 338 412 717 426 529 
993 416 274 2 527 757 414 432 723 761 
773 110 60 173 759 981 327 579 13 694 
180 694 915 413 73 389 252 491 259 715 
824 717 592 386 757 737 569 861 406 320 
937 338 617 496 642 353 929 615 652 174 
193 250 730 770 861 94 104 528 365 484 
626 907 201 563 497 99 987 176 585 117 
65 607 457 668 57 679 868 29 372 411 
879 326 247 320 45 142 526 956 877 920 
396 334 445 237 741 789 543 400 726 573 
309 512 594 732 806 86 103 832 47 324 
40 579 766 944 236 136 580 832 610 242 
408 461 809 490 53 799 710 709 300 306 
138 665 612 326 665 383 115 913 193 354 
753 947 931 955 570 546 825 427 573 758 
219 948 560 756 508 924 790 10 809 477 
78 55 365 784 470 719 120 146 658 438 
879 403 270 714 607 885 795 733 513 47 
604 747 777 459 52 567 263 399 72 921 
923 777 861 644 180 358 807 47 597 45 
402 581 645 141 420 954 25 390 152 412 
287 285 189 74 37 798 506 256 800 54 
222 71 57 314 886 992 277 242 166 12 
79 711 159 808 121 382 56 937 872 355 
507 621 646 337 743 951 85 701 6 94 
66 630 51 95 235 522 865 739 210 538 
736 923 699 654 130 707 664 486 202 637 
505 580 269 572 592 683 407 791 291 84 
999 171 319 96 986 713 848 623 528 17 
386 66 967 721 62 427 74 85 878 970 
894 21 666 279 148 971 933 30 746 343 
6 634 232 324 835 69 633 414 690 723 
943 66 274 577 853 885 680 259 926 621 
945 745 459 788 164 924 737 437 132 994 
907 69 463 321 282 142 702 81 282 276 
904 432 585 494 364 299 878 254 313 425 
118 735 385 842 442 488 708 764 386 860 
961 267 483 751 483 985 412 509 660 976 
142 946 291 290 929 332 468 299 159 505 
571 15 59 108 460 846 920 647 644 916 
911 858 546 922 232 897 80 276 643 82 
129 504 591 683 467 19 380 357 871 36 
735 299 949 593 455 401 987 340 732 172 
156 596 587 576 261 565 441 388 179 540 
390 75 966 464 714 789 141 578 251 324 
603 628 572 327 681 481 243 391 282 77 
162 863 510 761 118 884 820 40 960 604 
156 579 613 208 552 866 153 249 101 50 
105 41 444 720 799 570 721 630 853 781 
137 765 303 20 611 748 302 443 289 33 
354 548 195 584 528 34 403 567 474 776 
842 954 455 724 936 381 733 674 440 191 
680 964 733 433 118 38 996 82 878 112 
497 308 831 383 599 506 836 511 249 250 
375 130 998 830 319 425 114 716 916 538 
85 828 266 527 160 23 927 614 135 532 
697 989 325 551 626 144 85 424 63 724 
250 942 280 533 397 189 885 974 618 310 
848 39 269 573 12 416 568 480 82 780 
241 765 240 84 143 524 795 203 422 358 
564 700 137 480 230 287 629 352 785 448 
229 536 580 25 974 661 831 132 196 467 
360 194 241 196 119 98 758 139 868 629 
353 683 312 365 525 160 671 792 922 336 
43 553 477 915 716 912 584 977 848 910 
223 94 611 459 949 55 645 543 948 995 
121 999 7 859 605 519 486 81 884 852 
519 401 943 904 675 496 321 857 228 719 
603 991 637 381 840 412 926 469 448 169 
518 912 25 309 763 666 797 963 855 429 
759 295 313 575 372 764 856 915 729 624 
434 366 922 744 150 395 139 729 706 940 
244 61 38 771 296 365 533 682 599 396 
518 44 353 413 499 64 600 287 929 778 
227 9 701 76 405 953 297 211 298 51 
951 522 883 725 375 980 145 177 849 805 
751 710 985 794 32 809 111 175 900 853 
486 700 671 28 803 960 474 151 970 178 
107 517 487 474 609 693 853 918 905 450 
14 551 329 51 145 569 258 372 950 984 
111 120 914 630 182 393 599 830 94 403 
487 978 707 320 967 601 310 586 49 943 
966 8 830 186 568 731 697 85 91 639 
23 264 102 563 314 337 635 333 264 307 
810 97 520 313 586 621 510 622 445 133 
683 140 750 12 200 455 940 688 721 595 
491 998 63 411 977 881 802 200 613 399 
124 547 873 48 167 792 135 487 253 69 
625 923 207 256 600 412 40 147 910 329 
648 898 670 105 242 936 646 36 69 7 
598 784 505 474 580 991 544 408 939 855 
896 53 211 218 963 981 756 331 592 817 
786 920 757 152 130 250 142 922 868 105 
873 965 116 69 282 346 331 449 483 835 
320 17 450 648 15 677 186 186 897 941 
94 336 314 509 442 311 701 593 199 560 
226 738 14 262 178 352 279 651 505 487 
650 738 681 946 297 822 927 307 510 517 
831 488 666 494 707 566 81 362 326 134 
573 1 382 377 167 18 58 12 984 497 
58 344 700 862 810 916 768 923 822 912 
381 94 902 203 299 158 146 447 839 404 
14 183 729 594 88 671 976 759 372 331 
491 107 883 815 157 995 669 763 473 395 
770 870 974 790 780 812 435 861 129 502 
771 627 684 150 966 611 851 366 197 739 
113 899 701 654 771 654 29 711 683 10 
866 431 827 695 191 162 515 299 361 538 
673 475 69 580 173 860 591 498 709 150 
244 434 222 417 900 416 320 662 140 61 
353 365 76 795 592 22 683 657 258 937 
650 340 495 771 394 407 689 19 348 854 
998 47 816 775 327 293 103 65 376 26 
581 589 617 672 148 942 273 990 258 529 
35 148 261 732 853 402 347 477 951 910 
797 387 784 6 459 946 641 531 973 104 
160 795 119 366 438 10 618 708 982 648 
556 755 429 778 684 505 108 732 797 949 
548 837 18 147 215 36 702 697 123 680 
559 55 717 302 412 732 687 106 946 145 
219 309 183 165 973 847 735 175 955 343 
34 138 458 50 664 109 993 990 38 992 
849 433 915 415 511 341 636 983 805 186 
624 308 760 472 416 131 859 990 271 284 
513 639 634 590 461 641 101 664 691 129 
703 383 588 382 239 677 412 531 83 151 
966 916 575 21 870 760 682 549 126 631 
993 997 117 188 914 76 329 369 53 978 
425 273 909 363 881 634 275 876 919 563 
867 968 261 394 613 379 755 955 54 282 
401 686 620 768 181 940 478 961 927 175 
411 660 287 866 297 200 565 128 388 892 
57 658 38 980 936 624 754 686 464 688 
386 690 246 598 188 235 814 281 902 289 
72 452 759 69 288 626 260 735 725 922 
53 138 81 56 827 929 236 265 715 670 
210 900 149 537 697 147 615 326 255 323 
960 130 626 157 789 68 375 981 886 618 
855 425 415 381 295 626 761 844 718 936 
747 669 774 41 912 275 952 755 389 127 
637 49 161 547 100 317 340 196 103 764 
21 792 674 735 701 711 674 987 972 755 
375 877 259 935 640 505 38 113 766 774 
769 195 803 314 344 579 424 580 709 747 
933 987 547 713 80 739 873 953 860 49 
306 437 400 942 234 540 832 865 750 919 
480 893 411 29 535 445 588 879 544 13 
737 273 168 444 319 9 691 780 524 709 
764 63 246 167 150 169 618 303 161 129 
169 890 347 83 586 56 927 330 892 958 
172 895 941 223 607 609 246 152 428 950 
77 430 42 16 240 502 493 151 763 340 
957 956 867 384 832 483 880 996 760 187 
151 630 823 939 124 143 450 128 112 105 
150 696 153 358 935 694 77 231 919 583 
112 614 117 869 479 828 721 681 359 680 
407 197 208 138 555 13 239 645 213 452 
605 159 44 995 939 360 36 232 844 719 
719 399 388 123 577 131 438 453 669 704 
522 934 699 744 915 482 921 737 821 480 
65 73 562 425 818 138 722 528 234 114 
655 367 621 10 398 941 562 793 859 521 
888 788 305 67 662 49 5 203 596 104 
61 827 634 281 950 819 481 243 735 917 
477 806 302 302 247 488 278 399 858 596 
299 910 311 563 525 502 844 507 390 742 
489 82 220 72 304 836 678 622 427 910 
241 216 937 689 380 324 132 111 355 391 
187 993 756 323 171 752 278 319 686 548 
192 959 805 673 275 661 305 841 695 792 
80 912 160 524 326 784 830 418 88 390 
512 662 295 568 140 497 477 390 466 179 
539 835 165 751 593 44 240 889 424 992 
61 358 991 883 942 164 540 135 452 185 
739 514 176 411 130 410 867 260 241 801 
60 384 260 220 654 384 900 894 718 8 
60 983 854 948 810 45 812 981 264 789 
531 560 409 139 908 304 815 425 112 276 
745 355 30 82 168 625 862 469 965 712 
486 964 144 15 563 357 120 984 426 431 
239 116 634 40 566 360 724 180 808 671 
824 864 556 870 922 392 642 857 495 380 
286 991 199 579 224 712 501 610 188 563 
841 790 651 704 163 431 467 954 597 532 
897 31 940 587 135 323 724 45 613 889 
398 593 48 785 392 477 429 532 937 742 
352 577 157 686 385 618 65 214 740 182 
910 76 958 64 425 928 857 352 609 871 
786 913 45 677 2 435 8 973 63 330 
516 796 654 231 283 204 210 228 842 849 
78 801 5 956 210 565 224 562 115 768 
979 426 974 858 483 55 264 595 615 244 
991 136 278 375 933 51 602 788 324 248 
948 720 516 768 452 160 865 529 468 569 
523 383 209 227 566 296 879 189 110 700 
590 167 506 149 577 476 261 931 417 705 
777 953 22 166 327 83 654 523 587 235 
553 700 259 20 784 198 633 886 242 291 
522 299 476 574 990 635 213 426 435 605 
730 929 802 220 744 708 902 887 789 238 
554 483 834 755 222 676 982 503 230 303 
38 556 350 59 206 957 513 38 369 417 
590 264 768 509 679 765 131 28 401 503 
298 24 352 644 191 460 479 244 18 51 
753 301 588 135 849 990 599 982 384 16 
556 658 638 600 696 895 404 497 787 386 
468 69 55 432 8 412 542 523 969 793 
680 701 11 946 529 486 516 598 625 586 
409 979 45 221 904 430 551 591 850 219 
175 178 549 967 498 797 221 663 962 368 
604 383 852 263 730 9 210 843 608 418 
36 509 95 854 139 353 361 718 186 453 
122 615 560 315 982 416 399 402 444 335 
156 113 760 377 476 315 876 586 72 450 
501 922 153 804 569 833 346 390 594 363 
378 723 57 262 668 130 529 226 674 459 
235 946 311 152 548 291 785 570 610 505 
103 225 663 644 678 527 127 807 215 74 
741 709 247 603 946 158 842 549 62 295 
798 826 227 374 212 889 27 891 195 193 
462 945 65 107 143 779 96 579 356 991 
459 450 877 454 453 575 268 907 468 205 
479 567 145 459 285 723 199 549 573 529 
176 404 146 9 947 909 986 533 222 113 
30 415 294 359 978 936 862 117 962 328 
208 950 41 924 291 781 523 691 702 697 
882 133 846 601 195 128 488 233 564 473 
496 613 966 980 51 242 625 777 287 299 
937 723 334 145 375 663 646 203 661 16 
393 733 679 333 229 332 233 942 242 762 
123 246 122 480 802 834 781 16 843 807 
557 571 30 807 268 1 84 531 953 690 
297 827 588 14 650 690 106 859 310 789 
711 669 97 395 576 50 518 718 668 580 
988 272 739 781 139 981 446 900 204 111 
592 520 487 353 434 593 496 25 976 346 
806 905 87 473 336 901 638 201 495 536 
275 288 55 711 129 104 188 35 697 521 
581 547 518 780 731 247 582 634 579 370 
531 940 668 692 627 338 786 602 252 691 
440 825 771 628 374 960 269 134 332 56 
420 696 122 140 373 703 596 129 166 624 
908 922 637 386 877 769 299 283 391 660 
10 944 968 446 46 677 157 983 97 537 
401 134 936 626 425 226 341 18 835 386 
819 860 363 183 506 957 144 99 230 429 
841 419 740 474 564 415 131 92 535 514 
443 356 18 42 293 773 235 913 840 918 
881 172 305 809 545 33 310 26 837 660 
200 21 688 406 360 695 890 793 879 648 
355 378 658 738 48 264 454 667 804 545 
728 731 329 483 24 215 169 723 296 530 
227 349 528 557 918 943 590 751 570 943 
952 753 778 14 31 280 352 686 8 205 
979 456 62 615 700 881 289 143 561 900 
170 672 22 893 657 925 129 753 321 797 
541 854 314 919 404 121 215 894 675 321 
290 739 146 880 45 855 30 404 796 171 
463 960 465 121 175 538 101 721 562 181 
458 778 175 145 96 192 818 679 43 980 
267 392 311 93 847 58 977 21 697 12 
75 503 148 611 626 23 554 571 24 275 
98 557 408 954 220 890 33 627 516 225 
881 270 930 450 713 2 308 227 732 616 
266 636 928 388 500 262 390 628 456 253 
413 79 803 635 297 387 963 49 138 792 
531 763 991 905 241 391 390 92 136 109 
674 394 55 974 523 88 911 239 815 737 
363 978 648 382 626 709 879 30 746 735 
949 80 557 145 222 402 89 351 980 38 
681 802 113 179 489 571 392 910 227 342 
977 558 142 651 524 674 140 283 272 537 
175 70 909 302 270 451 308 958 958 347 
239 519 70 722 893 667 466 765 39 850 
298 405 774 39 192 950 339 989 306 175 
7 360 534 577 43 609 879 801 779 696 
544 254 613 90 283 715 805 403 462 414 
345 867 81 261 568 712 111 174 2 54 
433 320 805 752 708 544 529 999 840 984 
985 482 601 844 140 418 77 827 85 551 
537 811 355 992 613 720 851 621 154 118 
729 479 73 21 588 940 881 389 624 13 
47 459 798 391 160 692 787 881 963 420 
272 483 33 4 569 283 279 700 120 823 
983 403 971 779 899 751 23 763 738 918 
119 479 972 697 314 727 610 296 495 445 
208 229 130 720 921 984 463 243 432 718 
410 91 506 198 896 754 32 154 813 650 
195 490 765 190 309 980 900 396 535 314 
209 625 712 931 252 168 855 355 874 241 
529 572 106 225 786 171 996 637 227 830 
271 99 497 269 600 585 692 240 54 444 
814 828 530 79 293 413 799 609 328 349 
864 613 460 623 946 886 816 617 178 586 
940 566 379 534 744 579 951 883 138 332 
455 709 594 133 427 150 637 347 776 487 
305 845 453 697 482 444 78 577 808 710 
983 549 425 185 20 337 126 890 249 980 
781 911 473 814 792 94 662 118 413 748 
449 350 356 347 895 97 648 196 83 90 
126 726 41 728 255 694 623 868 800 687 
298 455 331 585 374 790 686 942 26 920 
816 679 884 193 997 218 442 709 835 311 
38 992 656 917 771 708 778 875 296 535 
912 576 969 370 919 882 146 202 24 12 
221 289 208 206 961 443 733 622 654 522 
657 39 475 118 666 893 271 730 166 668 
682 660 232 443 571 40 955 513 494 63 
334 946 550 65 802 75 46 334 981 484 
123 335 454 477 228 678 950 279 248 8 
83 135 367 492 294 821 824 849 226 837 
992 549 475 664 801 509 440 663 441 367 
986 191 653 26 444 833 638 245 847 173 
140 198 29 518 710 566 362 177 787 851 
254 906 458 594 420 727 229 261 564 255 
411 162 724 901 942 947 809 863 30 159 
687 57 796 825 296 115 700 107 710 952 
328 970 709 659 211 656 662 941 134 557 
521 141 143 95 773 283 32 431 878 937 
3 267 828 635 450 395 687 28 821 97 
771 652 627 306 477 611 467 595 537 407 
296 216 217 275 762 239 334 649 556 420 
316 118 229 755 250 910 8 187 148 715 
120 550 308 400 136 551 571 224 659 501 
321 531 79 658 161 269 25 792 849 735 
758 578 859 25 300 500 980 874 709 168 
619 722 596 828 769 771 346 295 71 552 
863 403 20 74 943 778 499 969 538 809 
514 662 86 843 452 322 302 715 691 683 
394 189 264 847 921 318 253 384 624 905 
121 554 217 529 632 486 621 620 197 62 
433 866 785 750 82 848 782 916 677 597 
593 724 402 256 863 865 419 67 525 631 
404 907 51 542 344 144 622 413 473 435 
818 942 638 131 634 762 552 937 970 939 
355 788 656 881 72 157 315 55 623 332 
808 704 666 940 10 139 484 576 419 976 
181 788 7 149 441 817 167 303 489 343 
742 659 699 8 647 77 79 684 631 608 
835 536 829 295 695 912 587 598 464 406 
602 666 111 791 484 309 668 559 770 651 
38 605 301 429 885 197 368 543 780 137 
46 1000 415 144 342 514 368 711 215 16 
1 320 149 391 158 495 122 97 138 516 
466 816 4 877 907 837 933 337 460 63 
785 670 691 528 104 568 69 783 791 516 
284 150 386 897 795 868 243 459 460 10 
826 853 628 647 603 128 81 992 722 440 
25 246 746 218 832 921 899 116 881 37 
77 131 810 721 473 593 122 258 696 868 
549 169 435 449 392 98 388 685 814 952 
26 262 443 559 848 800 215 613 31 946 
699 135 324 825 552 269 772 508 854 132 
440 689 670 466 997 728 800 68 278 562 
486 321 473 653 143 826 443 940 541 898 
370 237 26 484 884 52 181 726 531 198 
480 800 143 888 160 40 503 220 232 489 
196 334 36 187 593 497 977 742 918 779 
242 575 672 327 128 259 383 679 103 964 
761 960 166 733 238 180 126 425 243 872 
843 821 829 844 53 887 549 637 278 607 
625 314 12 158 198 451 593 854 90 304 
191 798 413 238 549 460 288 272 557 167 
805 18 115 187 365 374 872 430 369 113 
176 691 291 70 509 754 624 403 723 71 
433 657 484 249 638 809 942 66 944 722 
557 638 602 857 244 694 220 586 556 847 
65 452 287 518 704 224 625 565 169 946 
441 463 406 449 928 966 130 398 533 169 
209 385 293 656 243 211 816 455 426 926 
786 778 951 341 618 705 650 252 554 829 
343 2 478 949 798 682 340 433 106 697 
661 740 247 304 753 757 113 172 863 339 
528 411 149 858 246 521 512 477 535 458 
371 5 563 632 962 901 414 669 401 31 
197 259 485 90 568 962 208 405 794 962 
108 271 321 486 847 717 793 735 13 749 
685 739 840 940 898 782 166 888 179 254 
870 128 349 658 869 389 191 289 120 718 
151 670 911 800 13 584 919 390 502 74 
199 421 884 88 592 416 725 275 994 567 
544 532 450 5 123 665 603 734 781 485 
503 822 119 358 552 64 385 599 734 880 
482 133 168 384 605 532 697 626 372 275 
927 247 538 902 170 141 77 307 683 987 
321 228 732 413 225 516 308 327 117 747 
870 449 578 97 598 606 222 910 821 89 
298 516 77 379 915 794 287 843 990 879 
362 165 471 521 908 185 735 259 930 600 
773 271 462 976 818 120 668 677 542 3 
851 727 151 262 884 379 534 492 918 23 
956 134 523 432 178 948 403 675 611 27 
203 999 617 226 494 423 723 617 79 893 
248 276 49 396 948 771 438 320 691 10 
795 29 542 726 582 39 936 479 606 453 
92 504 187 411 384 723 553 390 314 617 
676 828 42 731 969 711 552 664 434 592 
549 296 249 42 669 157 853 91 853 143 
981 113 782 472 958 826 301 88 983 204 
989 118 157 341 80 529 425 254 441 790 
937 924 322 186 675 167 860 980 546 196 
677 416 488 228 587 222 341 746 652 650 
600 55 745 878 234 383 173 355 333 250 
642 919 921 483 604 691 142 647 499 925 
511 539 11 1000 570 552 408 815 721 81 
209 748 16 259 931 747 520 791 623 223 
356 835 145 785 138 877 577 853 667 959 
976 415 392 236 721 791 992 265 107 654 
333 631 697 511 524 733 486 448 522 17 
174 649 794 712 506 177 631 444 221 518 
911 527 620 910 536 491 675 9 904 411 
803 609 197 322 80 484 446 285 692 113 
993 401 223 335 985 421 402 686 873 759 
632 866 326 769 14 139 145 960 610 962 
201 50 888 924 466 350 372 251 127 343 
364 728 931 515 547 534 732 49 435 215 
553 595 185 183 732 993 895 217 657 532 
329 369 802 604 451 275 300 555 509 442 
618 437 300 348 558 216 883 474 138 967 
732 501 451 247 40 713 849 388 590 704 
578 782 948 169 838 768 351 11 659 360 
708 129 358 406 557 602 855 163 30 362 
784 974 266 332 805 994 184 95 993 494 
571 688 960 828 309 569 761 692 760 144 
526 664 236 831 134 683 458 890 922 791 
902 859 406 795 433 176 459 778 812 776 
315 373 301 133 465 719 618 191 756 655 
601 684 657 371 873 903 95 216 809 466 
380 440 608 28 587 309 427 797 270 487 
554 208 515 95 540 33 221 313 306 399 
120 153 216 277 999 865 396 7 27 404 
757 170 719 980 648 935 108 241 628 895 
294 450 986 103 118 30 840 271 287 497 
268 789 921 647 172 929 342 964 13 500 
327 433 177 257 322 243 14 92 175 937 
808 664 12 763 935 400 275 279 15 891 
426 629 973 622 874 168 431 278 75 217 
644 134 440 762 932 633 514 645 195 324 
285 33 335 309 251 911 345 207 607 911 
881 650 195 456 593 589 683 290 446 805 
648 830 683 53 255 418 263 533 282 260 
519 185 431 996 815 304 752 289 856 548 
329 580 192 183 565 708 586 894 756 114 
768 271 996 236 325 803 256 519 304 332 
475 58 4 844 200 321 43 232 602 114 
911 752 283 333 554 536 625 576 897 680 
830 760 410 720 953 683 977 413 466 356 
250 135 222 527 212 389 870 748 307 62 
988 519 386 209 997 478 457 774 679 385 
744 522 445 573 917 9 424 702 65 158 
249 329 113 723 452 68 572 374 728 837 
556 96 760 278 106 983 122 962 421 485 
869 394 840 581 162 996 990 674 602 584 
418 955 116 749 600 807 460 249 458 317 
846 167 351 328 150 814 657 635 846 871 
202 534 200 309 697 611 494 606 610 246 
713 590 714 125 558 187 189 36 813 588 
962 645 769 147 179 794 826 565 562 781 
479 241 720 466 14 951 614 139 327 969 
35 143 525 316 114 941 326 310 634 385 
618 355 195 411 347 339 688 35 119 46 
809 128 435 884 813 537 630 778 438 975 
71 604 732 616 47 801 540 927 371 16 
750 372 434 364 366 571 794 424 960 537 
360 267 288 491 628 444 949 572 359 161 
387 267 225 120 735 29 155 553 12 626 
839 374 614 962 384 476 620 889 47 972 
268 820 835 988 51 525 531 427 772 275 
3 632 507 57 354 715 636 613 722 315 
187 153 180 31 917 149 380 938 795 334 
34 12 17 754 79 497 320 126 446 882 
501 681 720 995 706 304 629 612 69 836 
128 535 823 247 559 637 551 537 623 504 
19 485 326 800 634 48 117 754 692 11 
518 544 428 460 893 660 296 456 186 542 
894 9 821 623 482 513 371 344 358 354 
913 253 789 115 629 433 91 195 718 906 
267 494 871 238 863 246 787 314 786 601 
193 325 829 152 948 248 356 807 61 959 
588 641 601 871 465 171 20 401 226 520 
983 797 735 146 637 503 874 945 646 93 
636 228 484 419 596 921 411 491 298 294 
880 479 651 152 532 701 885 403 593 485 
643 828 947 675 133 33 351 874 16 571 
658 198 756 108 154 410 225 92 10 944 
755 75 665 334 52 530 696 574 710 600 
440 64 304 26 371 132 368 140 856 533 
552 990 138 691 708 22 883 946 253 297 
926 924 382 93 386 652 387 429 693 338 
172 420 737 87 480 86 388 938 923 616 
87 6 411 438 494 949 419 428 191 508 
226 206 736 927 838 986 716 912 834 267 
713 919 890 430 265 371 785 61 938 410 
486 33 95 837 129 551 262 481 86 782 
293 421 187 364 651 874 368 989 743 618 
998 412 691 392 675 429 239 859 405 234 
386 301 930 91 156 469 669 89 992 940 
339 167 36 698 614 312 958 467 625 786 
196 366 657 528 58 527 268 996 581 295 
489 381 237 54 568 888 806 485 41 870 
522 78 362 410 183 781 343 512 201 952 
596 807 948 548 852 443 600 18 67 691 
39 719 130 81 480 429 806 382 450 127 
14 83 716 161 753 982 352 633 636 881 
686 506 840 828 473 521 93 383 661 27 
855 720 72 255 728 854 813 809 420 434 
722 959 352 675 589 101 480 390 888 695 
766 501 464 598 517 511 937 343 400 824 
940 197 133 709 482 462 940 260 712 406 
696 420 654 787 69 186 39 87 507 567 
638 878 217 397 32 650 517 781 822 422 
824 327 538 669 538 555 206 498 562 659 
395 164 596 657 291 818 766 549 211 44 
896 844 655 284 19 341 60 740 664 182 
187 286 188 907 835 715 19 561 11 758 
450 102 637 853 770 401 955 764 431 6 
937 891 504 992 878 347 298 279 274 99 
114 46 947 261 488 913 705 231 938 310 
587 103 920 962 218 849 222 424 272 19 
566 354 544 75 618 305 663 1000 745 134 
0 780 979 389 362 654 159 695 73 600 
543 224 597 799 567 299 711 451 271 707 
697 953 841 590 772 778 413 225 989 724 
980 19 479 805 821 134 976 531 39 549 
65 39 375 632 603 661 17 736 443 552 
333 852 317 266 1 62 742 979 972 75 
749 864 619 4 291 501 171 560 204 73 
199 566 880 949 975 754 263 672 264 771 
771 139 830 478 176 238 82 805 866 905 
652 485 930 52 774 253 101 165 584 60 
511 175 746 431 852 481 886 102 6 187 
940 904 556 642 781 705 341 337 474 343 
675 112 105 394 429 817 374 268 514 359 
347 204 957 353 906 89 502 131 436 829 
292 91 71 344 405 865 971 768 615 720 
612 631 268 13 869 62 993 765 748 819 
79 860 646 804 852 515 150 357 818 95 
655 687 25 752 733 461 640 906 104 59 
408 345 217 992 374 965 836 945 553 260 
601 592 894 228 67 197 723 760 598 362 
310 398 596 641 980 164 458 292 902 694 
721 651 88 345 452 639 724 189 226 516 
762 283 713 600 32 111 965 865 128 559 
154 498 689 872 558 124 717 447 243 388 
304 172 979 408 489 538 717 149 278 114 
833 253 854 102 68 70 31 708 823 395 
347 487 308 154 681 68 532 44 377 422 
410 26 626 576 829 214 512 915 588 262 
214 201 585 504 556 658 204 810 134 578 
590 258 987 914 519 894 650 20 138 394 
447 720 195 617 116 286 232 543 194 24 
779 106 764 86 483 350 616 764 776 22 
511 542 77 766 78 908 953 769 940 221 
512 215 746 41 585 172 963 375 210 756 
649 486 944 667 913 867 628 969 234 322 
740 848 701 73 318 839 95 724 719 546 
193 724 850 329 494 874 493 412 683 127 
387 823 68 865 105 221 309 708 294 10 
286 906 570 128 711 707 71 297 219 588 
163 560 18 41 530 413 286 41 806 179 
155 784 467 315 159 366 703 255 811 924 
347 438 413 191 117 571 436 166 529 834 
770 814 357 757 759 550 23 304 830 560 
455 872 308 112 280 898 473 430 662 255 
176 498 603 882 769 446 495 926 332 291 
778 457 877 549 852 360 935 40 176 650 
677 35 748 792 19 582 966 396 548 911 
128 377 754 795 869 358 565 650 135 308 
29 510 992 706 11 230 490 833 570 877 
187 634 254 122 338 149 776 443 63 818 
43 863 331 215 425 324 449 500 648 821 
658 793 53 44 856 13 523 504 413 287 
227 254 564 59 270 128 833 186 84 636 
338 43 820 357 339 610 56 612 93 861 
635 39 813 210 629 282 553 839 815 88 
192 504 974 529 883 96 880 624 281 735 
238 1 988 924 409 830 991 387 985 729 
507 406 635 230 570 291 834 946 770 27 
288 41 609 397 726 855 807 722 930 42 
446 293 315 619 414 574 654 163 604 310 
627 964 750 941 601 945 950 181 974 362 
786 483 145 341 728 472 747 531 834 108 
256 967 122 903 291 516 242 96 812 830 
221 715 276 192 350 241 877 982 856 371 
408 369 585 454 292 323 308 200 1 951 
858 112 921 404 58 164 553 999 38 257 
760 615 721 746 801 629 947 142 384 74 
195 4 877 474 522 740 545 847 270 298 
38 346 217 546 556 69 495 139 497 232 
207 429 357 93 537 751 817 759 304 328 
75 962 294 112 62 582 237 666 398 972 
977 537 52 50 626 229 598 956 909 299 
631 81 373 969 282 390 702 179 550 166 
864 132 880 771 689 501 732 967 967 901 
642 467 229 244 523 786 759 696 927 911 
354 373 375 988 133 158 409 54 732 115 
860 552 935 685 746 754 211 463 422 821 
179 521 157 446 118 936 292 324 799 433 
218 896 275 312 656 298 796 808 690 9 
694 462 96 875 599 603 876 431 287 46 
76 808 692 582 393 428 194 175 355 710 
391 467 206 166 55 388 529 661 315 961 
997 924 711 608 983 695 600 310 699 24 
840 274 617 728 187 418 262 11 612 649 
630 150 420 797 393 659 942 104 117 89 
981 121 952 485 194 588 866 776 701 4 
453 336 500 647 560 516 363 59 650 645 
106 317 998 477 264 20 678 334 37 684 
275 408 543 802 190 337 446 889 118 362 
100 873 380 109 318 606 851 874 392 835 
98 961 764 544 676 676 493 415 438 931 
756 235 799 514 401 893 276 616 749 199 
110 870 796 920 370 128 798 371 668 926 
886 717 484 786 841 691 265 797 184 64 
75 675 914 807 369 945 670 531 530 686 
821 742 68 165 905 390 754 480 589 196 
930 511 699 914 43 433 410 915 367 204 
780 982 916 268 566 12 799 504 873 233 
511 937 388 917 884 584 342 322 472 729 
20 751 293 664 449 683 529 440 499 198 
234 25 464 879 734 726 452 506 556 636 
432 984 861 533 807 228 991 666 121 384 
3 318 786 472 846 254 974 848 719 24 
747 832 634 394 250 173 583 206 485 391 
985 559 144 305 966 713 797 380 96 804 
343 870 754 896 285 435 541 129 429 675 
218 791 626 112 961 861 970 355 131 847 
891 699 930 2 716 182 439 720 160 480 
373 301 643 782 502 687 363 173 79 197 
854 241 210 974 661 258 176 11 348 79 
406 28 114 223 474 152 735 278 37 45 
210 40 266 477 17 796 240 749 785 198 
83 679 441 854 287 557 352 243 168 727 
294 966 571 822 240 848 844 511 539 420 
470 5 442 8 379 50 963 230 906 636 
637 205 862 470 613 26 232 169 403 862 
602 280 590 503 278 99 350 938 554 272 
990 788 497 474 191 671 208 557 592 810 
745 103 240 304 633 907 397 518 92 62 
590 828 670 72 408 33 194 871 903 538 
980 620 226 408 63 643 173 965 733 822 
398 912 111 295 64 185 557 100 295 986 
52 730 381 208 806 344 62 851 641 864 
692 240 699 293 311 735 964 160 612 140 
147 763 895 669 46 526 924 660 693 979 
238 425 407 847 816 369 346 527 373 991 
810 540 120 246 794 864 862 589 612 622 
637 670 139 110 522 872 123 681 327 375 
81 966 182 509 812 373 373 51 569 600 
103 830 907 115 129 793 401 119 891 210 
342 343 890 251 951 988 680 870 880 519 
805 549 425 927 549 708 521 517 868 231 
422 363 312 902 449 803 991 379 118 603 
619 193 975 184 707 724 647 706 465 366 
785 81 72 309 137 429 88 31 743 706 
91 880 339 173 20 14 993 442 130 993 
519 527 265 761 523 744 584 734 178 906 
851 664 431 968 571 352 770 661 353 209 
426 440 265 324 213 246 179 784 346 110 
593 654 384 574 671 329 630 131 663 930 
358 505 189 803 637 193 837 171 397 966 
979 738 576 745 313 609 431 860 317 939 
975 814 682 732 710 626 654 920 908 796 
88 696 301 156 157 219 242 618 855 955 
398 730 500 459 590 507 401 300 553 340 
819 212 650 15 17 980 827 622 442 194 
940 108 866 318 874 207 23 167 967 181 
23 981 346 126 38 672 604 503 219 211 
653 441 488 51 702 249 911 862 0 643 
667 243 950 135 698 628 673 550 190 21 
868 304 333 618 599 728 160 16 926 295 
773 950 84 420 124 482 177 699 101 228 
653 960 984 702 676 236 869 296 474 899 
396 808 582 275 140 194 623 768 901 670 
554 216 676 320 282 26 396 632 842 257 
799 960 240 702 492 308 288 886 766 384 
685 411 854 333 689 959 330 97 844 34 
967 298 330 746 645 929 220 750 708 303 
801 504 841 968 373 123 687 850 981 216 
103 994 404 907 838 645 91 540 837 502 
637 788 865 793 870 841 495 710 534 663 
995 927 558 582 345 330 654 148 375 974 
684 165 370 805 418 184 966 991 968 303 
615 878 377 931 447 143 502 30 813 759 
821 594 899 875 219 856 363 453 911 74 
195 111 984 209 838 399 735 775 245 930 
375 836 535 198 685 205 143 481 57 989 
107 361 768 65 856 362 326 322 982 690 
999 243 652 535 231 454 561 387 263 371 
121 89 196 636 470 303 76 258 774 417 
86 141 731 884 149 388 573 187 807 645 
562 517 856 554 273 112 506 172 163 865 
204 416 736 859 787 221 554 137 857 120 
133 529 810 410 355 789 35 461 349 211 
245 621 886 557 725 496 836 449 359 847 
633 450 962 611 907 558 683 505 713 661 
507 303 662 488 889 228 46 270 871 718 
234 970 752 750 459 788 483 477 944 720 
932 651 30 636 73 1000 372 101 466 593 
729 877 6 183 991 772 574 391 777 638 
446 779 336 894 602 76 700 478 904 356 
969 643 434 56 383 726 909 388 150 441 
991 514 685 533 866 992 959 851 791 721 
31 693 609 949 139 115 539 817 761 587 
259 445 747 632 207 816 321 955 428 51 
859 710 6 477 610 930 48 166 503 140 
695 14 410 792 315 720 879 253 953 354 
996 260 167 928 702 536 531 822 301 529 
586 97 981 252 436 600 283 417 954 3 
775 968 333 818 958 658 797 437 774 339 
2 312 993 691 613 219 420 939 246 487 
181 750 567 636 499 425 614 139 934 370 
460 899 442 200 897 89 919 119 0 724 
395 484 778 536 316 420 692 201 728 669 
889 964 672 647 636 460 690 37 611 990 
173 784 651 285 774 901 26 389 467 981 
695 932 128 685 653 155 516 591 594 84 
69 171 567 83 941 139 465 607 281 429 
925 51 671 104 739 223 281 428 719 879 
701 501 442 499 221 537 716 411 315 816 
696 620 392 337 592 359 921 668 906 49 
561 945 872 568 361 923 599 536 907 9 
632 378 12 251 86 940 859 235 892 230 
967 818 273 544 549 472 440 40 149 405 
241 264 753 737 635 633 645 220 127 305 
769 835 637 325 782 346 672 291 369 302 
511 286 650 937 726 838 981 752 564 297 
559 643 744 6 198 825 490 56 486 913 
588 424 552 867 537 549 378 421 382 731 
500 260 485 865 40 880 705 911 245 32 
233 225 717 660 920 199 880 931 612 635 
46 579 847 988 356 850 720 408 318 470 
993 185 407 549 407 366 438 72 687 680 
717 377 501 979 615 256 678 25 128 267 
441 538 691 172 462 292 951 975 426 974 
443 877 989 795 921 148 244 950 398 358 
929 945 227 495 399 338 869 212 290 970 
148 643 228 415 588 396 42 790 754 644 
358 362 97 764 160 74 451 472 419 858 
831 830 212 133 343 628 609 961 190 28 
628 540 185 977 89 237 999 657 907 534 
263 292 431 240 380 938 117 615 7 397 
110 46 607 623 252 117 568 544 290 346 
684 838 278 556 576 60 4 478 626 985 
799 23 755 626 555 495 579 292 339 25 
957 199 706 740 553 691 541 529 974 500 
8 270 38 258 257 789 59 415 916 995 
338 636 504 765 298 648 99 4 504 880 
315 800 271 85 225 429 266 224 796 172 
264 768 750 869 199 303 504 494 902 15 
485 525 950 491 236 871 322 917 708 488 
479 368 368 948 104 12 693 104 318 67 
489 923 64 357 863 469 897 138 754 370 
596 256 338 719 382 591 438 731 517 563 
935 445 693 416 180 571 444 19 239 174 
802 385 614 256 481 172 702 240 865 28 
884 177 581 951 652 531 812 555 439 819 
193 236 919 206 650 557 8 733 820 936 
530 759 601 91 727 509 726 572 385 139 
914 859 784 12 255 568 755 17 875 911 
777 636 293 205 286 732 11 253 668 655 
798 210 543 834 980 158 539 225 241 743 
827 890 183 600 793 769 297 99 713 946 
638 59 953 493 641 682 307 390 825 598 
301 603 999 807 56 275 60 673 522 536 
64 438 367 800 515 111 186 279 55 806 
525 664 550 13 805 968 287 533 972 399 
985 972 657 78 959 463 346 375 309 464 
626 938 516 564 444 934 181 511 296 793 
949 436 919 306 766 464 312 792 707 766 
549 236 413 804 36 259 307 469 485 967 
298 350 0 799 203 760 789 325 673 802 
17 261 387 382 309 661 923 367 919 833 
338 541 7 204 366 422 97 592 382 803 
893 147 709 159 531 568 141 609 660 880 
967 147 925 446 930 936 569 285 443 881 
7 875 505 274 197 81 713 971 502 461 
631 476 142 321 752 676 980 715 391 986 
430 541 551 18 395 983 355 959 747 277 
818 595 182 325 680 566 535 419 640 144 
420 785 466 657 181 908 378 156 870 818 
608 798 706 518 415 439 506 346 204 618 
52 79 963 704 476 901 438 156 285 139 
90 478 255 708 339 961 375 64 914 599 
450 802 939 25 400 874 927 276 770 386 
754 409 716 400 861 651 684 846 826 924 
179 392 950 990 153 430 968 447 160 627 
235 963 995 837 901 159 939 775 749 311 
577 440 261 472 256 609 816 844 528 35 
514 990 658 499 805 45 261 208 576 420 
761 272 376 383 114 766 560 465 208 264 
439 886 855 281 697 339 791 112 616 707 
490 789 414 888 273 139 985 618 485 203 
725 542 219 369 774 330 647 752 816 352 
20 765 904 492 436 772 205 905 138 824 
745 122 643 172 408 874 726 163 109 129 
892 175 996 127 94 136 286 150 166 135 
385 233 693 423 792 179 809 267 918 206 
339 750 227 784 987 94 387 107 58 743 
214 593 482 732 983 142 548 177 589 95 
745 201 581 907 765 797 874 805 167 760 
245 434 975 678 434 47 165 334 316 198 
720 588 315 379 289 255 966 687 965 616 
847 330 289 714 702 420 457 523 461 654 
18 359 697 295 517 457 266 937 919 467 
997 906 618 964 544 101 675 774 823 873 
161 245 5 146 647 15 709 668 91 888 
784 827 84 594 7 433 786 587 257 988 
301 550 548 387 905 176 962 505 376 288 
74 978 378 38 613 908 907 160 21 644 
808 366 435 523 596 448 938 450 521 334 
737 975 882 702 133 135 60 314 395 270 
185 571 717 29 405 588 521 733 782 832 
764 809 475 380 917 953 286 430 188 293 
736 14 509 234 762 932 160 289 299 595 
649 717 140 655 805 322 939 297 850 241 
22 975 907 725 423 854 387 680 605 936 
870 68 430 81 4 798 284 130 109 802 
919 753 898 977 534 178 418 569 455 49 
589 179 998 768 615 189 300 847 552 967 
643 704 253 938 711 248 693 573 313 493 
83 293 808 114 291 367 176 426 333 678 
627 842 218 940 4 65 121 645 442 303 
641 565 883 497 174 737 544 195 821 650 
228 718 904 140 37 154 670 315 481 522 
741 577 44 440 213 134 32 427 262 765 
841 934 775 576 50 334 693 523 258 285 
971 194 405 459 525 565 710 532 871 785 
742 632 909 554 755 478 803 291 275 750 
681 245 598 841 495 909 32 797 255 461 
132 558 686 926 79 430 94 90 956 750 
3 255 56 712 297 346 425 9 202 824 
787 37 99 166 843 421 917 825 715 960 
887 103 557 449 155 798 885 63 18 485 
262 599 531 831 534 563 807 908 729 140 
200 364 795 854 162 169 605 108 349 516 
999 474 355 692 315 240 197 335 361 341 
506 763 264 922 795 334 619 499 672 998 
255 883 986 978 254 63 205 651 203 528 
68 712 942 674 821 254 340 675 388 345 
396 110 289 185 792 399 107 340 823 811 
5 212 642 842 699 446 120 248 287 331 
301 188 800 542 5 639 283 87 206 938 
639 106 999 365 815 663 760 794 53 775 
980 741 380 616 92 995 709 257 875 496 
904 453 857 203 129 593 434 724 860 125 
645 39 977 254 623 837 764 133 691 698 
66 2 759 491 912 656 951 53 900 756 
213 798 765 258 887 547 989 742 661 80 
689 390 326 549 794 376 993 72 586 336 
716 950 508 340 302 841 584 53 438 921 
145 316 772 484 139 577 913 893 851 498 
306 335 797 532 820 197 228 375 542 859 
357 519 428 791 257 339 123 674 811 528 
289 356 746 654 410 981 893 924 359 28 
621 520 503 605 15 721 282 831 996 854 
745 573 351 274 435 173 346 293 450 928 
822 429 691 728 628 936 110 989 570 619 
318 362 833 384 297 12 299 991 873 76 
818 25 817 506 687 619 315 614 632 186 
266 905 826 717 308 670 296 271 771 364 
694 413 834 656 943 479 117 333 169 850 
336 755 620 440 645 249 247 163 816 320 
759 22 976 366 947 783 733 270 253 538 
9 805 722 161 223 865 4 747 565 211 
420 590 640 455 398 748 823 681 529 325 
674 210 458 758 835 790 824 557 568 198 
529 185 441 152 983 670 759 917 127 478 
53 885 81 789 931 774 464 667 246 105 
488 38 292 147 594 614 689 4 327 585 
795 263 147 626 683 758 304 371 483 256 
11 192 667 723 824 108 528 204 128 327 
33 967 51 508 901 300 643 593 491 837 
912 797 223 670 413 438 604 359 967 703 
838 503 263 409 265 273 452 142 336 113 
385 852 625 961 230 530 638 167 203 628 
804 74 627 995 295 425 273 623 672 876 
208 168 114 938 404 972 580 878 138 106 
977 325 193 492 56 713 116 172 959 209 
416 538 182 32 570 669 835 203 721 205 
241 960 916 721 20 281 972 173 866 490 
234 480 410 168 978 688 706 339 267 779 
52 183 796 685 281 139 89 910 455 570 
224 672 107 360 220 46 707 507 79 464 
914 472 29 280 666 343 797 229 241 229 
807 114 349 981 734 846 624 216 472 938 
132 80 712 276 378 844 854 949 581 492 
996 543 559 250 777 742 537 428 372 866 
238 197 914 605 426 369 820 611 268 368 
306 686 597 729 360 800 895 677 3 92 
40 472 865 346 625 432 464 625 826 577 
767 326 566 474 123 549 530 72 879 622 
105 429 917 587 130 245 97 113 930 428 
998 155 711 806 143 283 32 479 906 550 
636 99 609 579 197 203 302 202 973 26 
162 413 531 634 273 272 780 398 973 637 
887 367 898 649 267 63 424 749 845 206 
803 954 833 684 918 466 401 332 358 536 
825 699 19 391 516 376 483 629 520 206 
186 15 720 218 57 454 616 435 413 250 
678 773 534 156 714 880 668 613 606 76 
802 383 645 374 927 586 975 732 243 227 
387 750 807 734 292 299 671 105 136 550 
994 896 53 652 668 282 751 705 599 993 
162 775 251 286 586 58 653 455 226 689 
558 572 77 545 390 496 2 571 517 468 
333 971 228 283 520 177 518 356 475 655 
759 622 402 638 22 641 296 146 304 690 
441 222 14 555 303 412 764 503 178 800 
312 412 260 824 280 962 683 278 496 191 
602 141 275 467 67 426 286 531 505 455 
943 309 727 995 593 221 599 527 449 673 
118 966 333 805 49 476 654 835 953 731 
498 520 579 265 809 754 178 996 457 32 
570 680 819 978 868 48 620 328 205 212 
583 936 932 30 793 402 420 185 207 145 
279 214 952 300 779 852 68 284 112 498 
999 740 856 297 694 391 900 431 331 533 
627 356 236 945 1000 990 820 613 699 958 
637 404 584 712 282 44 405 912 461 153 
515 822 88 535 521 597 527 656 997 220 
533 66 267 809 310 385 466 449 394 771 
586 771 966 719 734 54 555 851 994 278 
970 309 432 446 355 793 478 135 606 724 
193 771 988 189 825 176 63 8 287 594 
47 288 813 996 739 868 510 475 774 845 
223 138 861 362 486 237 434 79 38 44 
622 902 832 970 685 674 64 823 594 578 
765 646 458 5 851 873 751 458 439 921 
700 409 152 882 990 171 813 197 671 518 
41 579 265 200 121 334 698 756 264 415 
336 149 551 716 411 182 893 507 243 901 
307 476 510 656 190 397 566 283 605 702 
229 927 79 915 409 970 287 133 893 114 
982 78 304 726 461 174 653 994 988 523 
515 850 980 140 65 769 771 758 899 606 
686 197 67 277 560 342 239 998 517 576 
709 713 98 78 10 790 451 380 729 79 
106 83 115 387 775 877 578 58 149 805 
587 879 105 429 460 756 29 168 380 434 
185 302 480 892 30 891 604 209 460 946 
336 564 916 346 240 917 64 851 405 645 
455 64 705 899 75 870 933 974 572 322 
129 712 883 673 439 83 452 870 165 169 
977 682 965 828 263 360 97 3 707 111 
168 551 540 314 665 153 659 602 202 121 
615 975 646 72 960 45 415 419 414 385 
343 14 224 742 659 389 37 541 846 412 
130 145 318 729 23 29 456 149 611 885 
216 478 431 939 603 996 248 367 134 621 
276 640 473 437 77 144 316 586 219 749 
987 541 305 24 18 807 810 630 395 761 
262 461 49 251 729 251 313 329 210 378 
152 732 428 13 113 333 454 143 398 156 
998 647 302 351 54 587 920 464 585 838 
724 488 245 634 361 556 566 363 917 774 
221 919 766 964 445 729 374 933 882 314 
566 372 385 338 653 570 962 592 126 207 
94 73 349 213 110 610 560 867 423 823 
689 905 715 294 617 464 632 796 112 602 
382 51 669 700 33 678 391 351 598 678 
46 21 683 947 943 871 561 101 130 993 
764 569 312 803 5 652 226 364 234 505 
471 292 103 714 90 323 44 163 397 924 
215 834 805 255 24 491 114 125 569 636 
451 375 347 882 741 207 819 755 512 876 
211 530 589 50 616 231 691 18 342 48 
971 465 966 54 318 541 47 44 501 766 
344 809 694 60 200 472 244 277 744 826 
314 310 194 858 256 958 654 74 815 922 
190 572 647 965 758 448 400 334 12 518 
745 479 959 877 516 847 582 293 600 28 
532 245 835 60 310 191 311 724 792 981 
183 626 511 935 576 302 95 730 52 563 
892 908 715 792 200 218 302 868 810 207 
2 922 312 21 152 644 378 416 951 193 
662 281 542 336 207 721 638 773 471 885 
956 201 281 704 780 948 618 583 119 738 
88 904 721 522 909 818 655 275 545 444 
481 567 295 449 359 658 116 895 847 623 
59 749 450 501 992 757 216 940 502 830 
763 290 607 665 329 900 438 722 17 170 
467 670 6 615 922 301 210 43 722 23 
643 710 349 59 705 289 480 4 160 251 
672 455 810 719 154 694 996 729 86 897 
778 768 869 426 978 461 279 915 568 449 
302 843 902 696 444 973 74 925 966 784 
455 295 93 677 177 166 457 297 344 915 
716 373 535 314 226 420 642 810 380 116 
683 542 201 493 951 997 241 651 581 111 
6 541 28 393 724 723 352 859 755 550 
756 575 341 4 445 32 246 493 560 292 
540 116 39 722 921 516 54 353 588 266 
258 413 512 903 796 865 624 712 356 619 
621 888 624 966 195 355 39 666 229 813 
646 707 50 741 709 430 336 726 733 128 
762 356 9 264 775 460 861 551 546 837 
258 918 323 259 282 136 592 338 82 241 
980 158 201 693 239 901 230 389 500 839 
970 952 337 984 957 832 458 55 320 76 
311 769 855 933 747 438 517 674 310 514 
621 321 783 489 998 598 35 544 463 754 
658 776 312 365 114 648 280 64 7 779 
429 88 755 252 213 210 95 441 648 342 
921 270 147 199 300 914 447 27 764 559 
723 971 303 616 462 65 841 457 331 894 
539 638 382 377 293 32 157 648 54 89 
907 190 552 734 637 270 669 236 585 109 
669 13 206 767 214 538 566 232 539 186 
474 11 846 392 777 909 63 105 763 147 
900 456 530 14 919 289 179 556 84 160 
281 981 918 944 555 94 141 195 567 121 
913 14 348 964 670 124 424 723 233 230 
876 138 691 2 225 373 549 555 910 437 
740 209 980 689 234 717 224 501 340 225 
902 232 910 41 233 652 297 458 334 383 
636 153 28 778 483 657 134 179 748 378 
351 434 988 740 260 622 171 869 687 836 
202 719 566 868 364 722 456 847 735 726 
281 183 204 13 606 78 379 907 373 465 
663 282 404 371 507 193 549 42 718 286 
162 156 493 527 503 436 718 17 74 578 
68 566 670 552 800 225 795 105 768 981 
398 573 257 8 676 417 762 6 677 912 
463 159 766 60 787 848 761 159 517 529 
568 371 161 928 84 46 765 163 615 29 
169 588 721 427 458 825 18 367 369 534 
148 534 997 914 116 354 413 551 981 417 
202 726 528 992 603 263 209 66 871 630 
70 98 882 970 978 409 510 986 156 568 
90 427 83 541 979 281 674 535 836 95 
412 279 386 403 109 329 861 919 884 193 
375 509 523 444 1000 665 727 294 211 513 
591 693 570 308 765 712 428 44 606 607 
18 275 946 994 112 610 84 554 444 80 
75 682 779 824 17 603 87 830 770 807 
268 832 772 409 70 521 927 975 281 926 
622 812 966 14 984 183 893 874 776 592 
887 838 300 353 316 45 689 860 607 706 
722 447 613 162 301 865 202 101 369 240 
196 927 28 658 579 509 193 780 60 312 
322 934 811 208 720 117 283 49 359 756 
213 368 437 646 839 935 97 21 644 753 
984 824 766 486 131 799 766 832 232 429 
726 769 905 902 673 261 234 406 576 703 
668 602 312 63 505 580 905 422 205 717 
622 573 952 889 676 628 479 4 691 948 
810 167 366 479 320 737 735 365 158 492 
831 93 463 740 734 751 535 142 648 321 
885 490 237 14 839 974 563 796 143 563 
685 263 366 816 636 603 288 448 396 836 
912 709 228 473 584 830 320 392 909 815 
879 619 723 838 306 221 596 384 766 431 
217 257 515 595 134 250 641 279 862 765 
168 635 825 173 301 380 286 419 184 362 
980 622 213 718 85 229 207 979 791 112 
149 689 532 984 169 209 224 153 838 474 
631 503 746 854 884 248 547 787 983 151 
669 629 550 440 933 18 397 480 800 35 
127 171 579 454 94 124 762 980 160 656 
163 432 458 618 973 866 347 55 572 648 
538 255 881 94 230 941 968 799 273 961 
469 427 99 151 403 344 374 91 635 202 
585 755 384 531 136 847 204 951 545 889 
611 867 663 751 128 47 233 638 697 134 
473 154 725 716 577 422 755 63 172 683 
771 800 511 475 930 815 332 418 796 974 
482 422 246 199 166 713 556 293 914 964 
80 702 581 437 164 685 810 153 65 693 
234 255 212 704 573 427 792 788 258 177 
597 230 905 530 117 804 453 545 993 19 
791 923 82 694 255 690 197 871 605 16 
547 478 616 839 728 149 756 320 733 407 
208 498 285 807 498 902 688 42 815 403 
373 959 644 904 957 886 211 334 924 251 
153 904 705 771 107 536 870 785 814 44 
650 127 306 136 448 955 707 654 839 452 
575 151 691 667 476 90 370 620 461 59 
990 459 568 953 296 959 854 500 205 226 
853 247 958 666 665 416 436 51 123 486 
759 679 557 951 204 781 316 327 72 39 
907 126 451 694 219 137 197 429 36 932 
940 432 921 81 942 816 799 497 519 590 
983 328 347 418 119 511 803 713 883 199 
720 158 430 212 859 378 174 620 187 872 
307 442 535 882 686 443 989 700 248 665 
334 806 914 115 913 9 37 678 622 874 
703 272 315 97 925 448 8 55 817 739 
918 910 272 747 459 142 571 26 876 117 
917 350 254 431 941 767 9 36 643 773 
197 290 108 293 110 941 314 359 561 518 
179 604 976 40 638 250 504 546 288 990 
537 113 291 909 971 779 289 756 17 49 
667 243 950 32 287 795 51 442 425 192 
471 213 230 962 127 255 118 365 788 79 
765 762 824 961 936 436 85 326 817 323 
721 520 175 617 903 10 981 910 381 572 
378 732 809 739 338 186 732 412 393 240 
640 629 841 925 272 568 86 986 521 636 
431 764 148 604 608 930 728 181 627 853 
927 623 836 267 652 650 147 470 256 356 
105 159 550 128 743 371 472 18 221 872 
562 770 159 817 821 228 969 366 325 312 
611 654 327 307 172 391 33 463 328 681 
725 107 790 730 997 606 879 946 238 685 
949 164 621 288 480 40 93 825 437 681 
58 915 420 390 399 787 470 297 824 450 
728 879 136 343 205 352 338 280 787 813 
286 530 884 22 664 328 520 376 670 452 
974 231 962 858 839 106 515 170 919 696 
47 565 330 954 943 706 756 490 591 251 
930 383 16 621 690 297 806 220 202 313 
918 118 281 542 385 34 329 829 838 547 
426 230 819 295 998 552 125 99 706 525 
191 770 979 888 660 294 166 306 398 788 
41 235 27 355 435 117 230 241 951 372 
295 644 768 341 267 743 14 428 573 436 
860 865 102 195 393 446 679 128 222 303 
389 865 487 759 311 712 20 303 764 633 
513 475 64 265 285 430 224 993 668 763 
497 358 581 255 830 377 395 303 388 887 
638 601 480 289 87 175 550 158 897 96 
264 91 584 458 389 325 788 975 58 489 
823 696 853 485 349 753 89 698 264 656 
726 424 729 238 533 705 25 508 553 549 
577 405 555 85 128 550 685 71 552 505 
878 940 711 38 719 197 973 400 533 337 
785 555 659 571 183 208 248 247 505 644 
558 614 956 374 204 315 289 221 438 909 
763 152 279 66 105 367 230 242 780 508 
911 42 93 247 190 573 874 788 189 943 
101 350 842 7 340 43 395 50 730 885 
468 611 194 255 842 877 238 993 69 537 
951 31 668 107 293 531 67 672 215 485 
197 159 34 499 71 30 663 981 223 499 
665 965 751 932 261 350 777 329 326 138 
982 690 896 72 956 85 774 139 569 344 
439 258 561 71 431 708 725 886 475 235 
430 552 525 658 528 672 621 958 188 361 
843 229 998 547 536 186 652 575 921 164 
830 873 574 196 185 473 723 971 803 914 
262 517 351 331 690 992 380 528 902 456 
233 88 351 183 147 356 180 793 244 500 
440 106 865 60 1 532 433 625 653 705 
444 961 711 455 508 821 855 13 860 323 
611 921 59 202 880 168 656 606 993 187 
942 220 399 123 812 270 900 140 362 759 
870 175 896 512 746 622 894 823 705 220 
957 707 22 628 504 231 42 451 762 689 
438 329 118 309 478 981 812 845 176 591 
392 282 156 775 108 198 973 166 498 910 
915 493 667 699 523 93 610 401 863 481 
731 489 935 4 299 542 182 828 416 71 
684 131 528 352 526 239 212 482 297 6 
865 504 591 271 611 27 729 623 477 791 
164 753 795 856 257 3 550 999 420 664 
460 76 680 632 471 539 652 956 369 854 
397 375 400 315 147 332 369 743 447 229 
601 661 375 0 743 310 917 426 170 309 
794 157 11 795 488 918 603 922 113 345 
919 178 450 700 485 589 211 613 415 339 
404 129 328 977 814 287 755 197 824 488 
197 493 888 798 409 180 734 742 144 893 
160 721 120 999 567 623 434 196 364 979 
847 459 188 26 185 487 6 1000 793 344 
931 115 797 217 37 692 900 503 460 776 
828 93 561 387 99 328 1 554 776 606 
131 882 391 780 599 557 532 96 26 264 
641 189 393 686 33 279 95 926 761 87 
119 239 652 669 496 670 716 920 545 936 
620 386 740 92 909 427 194 377 352 0 
558 261 332 261 466 79 821 668 813 570 
490 856 155 611 384 729 147 108 323 412 
702 16 39 652 283 728 407 645 323 352 
38 48 205 276 81 117 712 262 324 610 
20 633 677 702 897 674 149 434 26 967 
134 874 641 424 851 843 325 505 313 898 
832 353 173 489 608 961 442 491 301 267 
168 891 480 513 596 803 763 672 452 532 
241 287 103 82 634 483 469 33 5 978 
803 706 847 808 674 704 497 7 513 191 
25 686 788 848 612 313 244 70 996 221 
667 973 630 805 415 184 669 771 102 741 
965 844 843 535 403 992 639 625 711 435 
374 847 334 353 196 189 517 353 379 789 
767 430 591 341 853 101 553 869 678 606 
780 576 701 471 675 549 457 219 784 321 
987 824 709 691 819 602 968 618 182 78 
264 382 233 773 619 479 53 688 912 229 
875 905 190 530 649 30 98 670 886 503 
967 238 804 607 61 425 535 329 651 219 
355 310 944 369 472 624 28 583 214 709 
993 366 254 661 811 354 407 929 726 878 
416 303 998 700 691 260 570 992 507 25 
309 588 535 71 747 360 610 411 542 449 
261 360 577 689 654 653 678 873 518 448 
727 122 932 762 522 758 419 600 431 387 
928 678 809 532 329 198 506 876 365 874 
202 857 321 453 909 935 738 845 167 462 
88 245 400 862 249 123 510 750 833 223 
735 105 18 495 374 700 59 447 445 661 
863 103 74 333 338 3 818 375 325 328 
170 91 440 895 375 62 245 675 824 454 
699 379 447 389 699 882 135 238 834 859 
313 733 871 364 266 165 145 127 952 728 
418 98 355 210 194 588 504 361 792 599 
378 252 677 864 903 243 496 248 316 974 
390 536 59 869 218 648 913 517 60 254 
789 332 624 842 136 578 479 978 831 608 
187 341 765 961 138 458 584 285 402 132 
963 332 885 142 655 807 173 762 646 895 
397 119 359 406 217 565 34 498 792 302 
255 808 390 725 406 749 726 5 365 267 
110 80 79 403 43 508 232 980 869 136 
181 649 185 313 554 435 148 70 291 294 
387 534 748 526 63 816 159 816 381 3 
401 498 608 159 373 346 427 490 149 182 
130 43 847 651 352 207 872 393 970 883 
473 481 214 629 612 132 795 851 842 985 
875 867 339 343 365 985 265 545 608 780 
669 313 812 819 387 325 948 357 462 407 
182 883 569 196 777 109 257 993 61 667 
965 754 733 527 482 705 117 622 578 751 
362 145 14 287 391 809 471 81 313 388 
306 190 436 475 789 404 107 538 615 254 
446 62 793 878 976 262 34 473 924 688 
801 565 777 596 908 5 926 792 178 569 
119 565 454 504 674 972 662 816 845 987 
606 515 137 415 444 718 635 3 163 59 
525 708 103 767 80 205 713 515 938 410 
798 178 660 302 13 33 360 843 177 115 
849 738 563 850 590 993 770 429 77 172 
594 826 521 993 789 49 689 735 663 294 
514 182 831 818 110 375 436 443 971 722 
290 676 142 190 542 86 800 552 302 682 
498 479 10 268 668 683 939 301 264 356 
617 190 508 656 172 254 781 598 461 669 
943 29 926 435 373 758 369 240 30 977 
568 223 761 163 241 425 252 778 500 142 
716 794 375 92 231 68 473 411 46 903 
835 558 198 514 131 25 624 611 415 25 
771 68 787 820 97 35 7 490 264 259 
880 535 263 399 435 424 975 163 145 403 
345 34 679 303 819 731 251 130 577 641 
338 456 853 161 31 189 609 425 382 110 
955 262 521 507 599 50 777 665 297 265 
109 115 472 494 24 809 909 814 560 645 
338 469 555 973 927 625 125 935 558 788 
884 45 896 138 208 86 434 447 236 469 
238 603 466 699 391 404 684 780 995 779 
778 755 228 868 755 514 190 981 406 705 
75 973 284 594 97 844 897 762 676 280 
213 194 371 947 382 909 586 544 283 921 
924 628 490 506 314 972 761 816 257 67 
541 256 592 151 526 610 190 770 888 436 
982 744 514 107 997 823 522 121 682 318 
254 370 981 330 144 917 522 63 360 22 
785 184 875 224 346 657 330 506 871 827 
678 522 793 844 370 919 750 734 294 514 
404 649 990 484 825 993 577 721 105 79 
384 604 502 683 393 483 645 611 387 703 
887 45 10 250 835 189 819 618 316 864 
347 912 706 662 28 554 569 482 717 128 
151 906 478 372 750 228 823 833 819 10 
549 609 296 732 668 235 540 899 887 783 
946 326 961 727 537 127 947 244 578 727 
220 672 755 483 568 248 580 414 344 492 
904 759 58 32 473 601 151 585 950 833 
278 797 867 77 208 338 575 319 50 829 
128 260 344 378 84 921 403 664 520 3 
606 325 115 241 329 134 167 556 431 277 
610 406 96 798 492 197 104 861 814 786 
523 357 935 67 989 572 256 593 719 657 
284 799 494 391 430 366 280 970 629 660 
422 356 336 412 391 904 192 221 916 284 
34 72 410 406 533 981 292 988 792 613 
927 196 458 456 825 780 959 539 868 631 
312 614 200 801 967 113 178 925 53 71 
894 775 901 280 960 906 212 203 82 910 
56 366 217 521 271 26 174 151 183 193 
911 840 564 562 284 532 597 450 464 224 
248 351 804 23 345 336 488 169 370 12 
23 171 798 348 638 931 893 783 938 629 
166 159 587 909 65 269 417 988 435 96 
499 133 249 629 730 933 471 583 910 616 
161 446 163 616 525 758 728 677 52 197 
71 500 685 832 157 1000 850 312 315 2 
34 955 105 960 824 524 885 795 764 522 
894 219 269 921 734 742 440 704 912 988 
710 268 214 308 857 404 496 43 622 856 
485 191 789 970 473 580 987 427 555 199 
661 266 659 606 587 226 176 431 759 845 
760 119 590 372 176 19 653 746 398 666 
823 91 1000 848 99 904 580 533 853 461 
746 43 815 70 245 302 641 136 41 225 
272 584 990 482 162 332 668 556 116 648 
840 855 349 87 14 204 724 56 748 68 
507 855 412 437 558 881 818 801 996 491 
879 391 823 911 895 374 541 602 226 191 
988 266 493 76 425 515 657 892 348 244 
839 875 684 792 97 77 449 586 432 259 
852 494 161 463 355 580 570 964 240 761 
549 837 671 997 88 374 439 60 869 698 
178 664 667 755 952 585 594 148 106 253 
321 599 582 474 828 798 782 863 352 428 
527 821 100 727 699 859 517 922 454 676 
313 360 599 843 573 503 304 177 893 226 
20 29 688 168 809 275 205 286 741 998 
45 549 397 977 191 868 877 84 23 480 
925 62 640 884 392 714 235 527 726 213 
435 771 606 783 343 820 124 320 203 556 
402 858 830 709 539 725 576 1 433 821 
857 214 9 316 475 901 488 634 547 416 
313 20 345 33 595 624 8 396 981 684 
574 339 615 454 487 271 306 807 897 199 
445 203 55 207 482 248 325 176 209 957 
663 723 911 29 302 384 72 270 762 149 
894 317 730 535 964 728 153 263 978 131 
265 369 29 463 851 325 63 961 608 537 
783 733 422 325 378 577 891 121 229 345 
458 892 752 113 32 677 2 976 103 850 
580 217 392 436 526 322 389 232 60 459 
406 391 223 738 937 118 306 502 471 635 
664 229 300 931 221 987 947 580 564 525 
30 801 901 385 528 690 725 348 658 695 
896 238 991 79 403 355 245 322 116 293 
431 290 362 908 210 948 605 544 883 287 
376 450 838 340 611 618 725 575 888 988 
782 24 74 895 446 420 163 601 520 488 
232 653 272 46 501 776 73 451 281 852 
759 892 702 859 618 332 986 877 936 409 
555 241 682 197 824 553 283 931 342 913 
500 269 255 221 381 929 864 106 533 238 
78 270 947 678 207 566 837 52 682 987 
16 855 542 956 341 417 637 627 870 490 
647 449 697 368 352 632 261 795 316 261 
575 894 646 756 240 189 747 530 145 227 
166 299 344 624 955 505 423 907 24 251 
675 336 12 714 365 384 746 198 445 502 
658 645 991 525 410 764 591 407 416 417 
580 667 485 783 584 937 390 411 125 361 
461 119 406 849 26 445 878 772 386 242 
73 27 293 695 455 466 980 400 797 78 
44 331 614 842 61 934 825 769 0 897 
218 164 181 443 679 419 455 759 618 85 
760 581 510 948 685 628 814 606 895 247 
100 903 323 673 581 998 698 919 327 437 
446 588 172 276 5 729 476 178 64 253 
963 870 778 432 126 389 389 293 345 507 
304 437 287 298 238 212 118 345 980 823 
649 458 238 566 89 883 465 641 218 820 
846 428 730 52 965 250 198 801 537 936 
787 253 821 398 309 525 769 644 596 646 
892 448 453 46 811 453 251 27 293 478 
715 199 790 933 246 475 187 285 769 283 
641 297 721 461 845 616 866 860 463 932 
636 267 977 832 614 492 157 177 944 454 
643 112 105 652 102 123 241 602 986 524 
369 883 648 788 555 863 219 464 130 918 
464 538 623 921 720 995 91 50 884 478 
44 666 690 232 830 234 395 426 7 505 
309 212 240 690 186 750 576 831 517 652 
497 144 956 444 474 29 779 741 635 448 
952 134 813 520 973 52 587 295 61 966 
770 900 518 765 746 345 531 39 810 307 
412 47 958 93 576 128 124 257 288 51 
413 839 489 103 369 22 325 318 727 592 
16 132 361 449 663 315 804 589 183 464 
509 232 5 905 330 645 262 256 237 27 
381 696 774 151 54 310 285 422 401 25 
909 742 479 738 540 879 712 976 892 606 
678 215 823 743 916 63 426 692 987 480 
939 989 805 499 163 348 792 113 271 520 
103 23 759 973 19 241 593 602 43 39 
932 788 673 338 859 647 331 403 65 840 
151 41 507 75 356 457 815 280 985 347 
38 427 992 359 158 762 678 736 406 221 
368 275 130 457 258 642 711 375 375 517 
585 364 37 769 43 65 491 432 551 104 
29 872 22 999 896 270 464 149 316 315 
92 241 296 859 452 470 650 717 641 561 
13 609 718 704 282 907 171 883 59 838 
383 440 966 171 595 405 272 52 291 950 
457 101 365 124 166 172 603 461 312 639 
60 279 391 399 195 283 569 925 859 452 
144 523 623 604 656 857 370 687 630 824 
204 7 183 685 87 844 618 610 338 281 
397 3 145 755 7 424 659 887 508 717 
430 415 408 652 602 615 832 895 76 454 
138 706 373 665 520 356 811 193 326 577 
658 384 921 498 866 17 919 381 434 898 
882 775 231 526 683 319 699 800 81 119 
756 795 171 736 750 137 740 283 870 419 
341 329 634 719 16 103 99 519 565 44 
470 542 609 514 275 529 858 695 885 402 
581 100 812 867 490 890 824 686 606 125 
294 917 131 83 821 956 167 139 548 748 
316 699 973 837 623 361 593 868 694 138 
588 564 358 905 35 472 107 613 595 486 
536 30 995 807 530 362 466 896 751 882 
39 745 332 739 755 799 534 206 418 413 
784 842 992 921 135 907 241 535 834 306 
654 682 693 62 839 783 606 905 270 462 
537 8 736 998 211 94 212 502 143 550 
473 507 206 137 410 878 595 330 469 38 
89 2 792 270 563 885 282 241 925 355 
432 945 218 838 6 920 815 996 529 447 
738 625 230 449 859 874 354 892 568 854 
442 693 85 239 266 266 285 326 160 287 
570 66 410 207 652 809 516 100 14 313 
826 584 681 673 356 631 798 749 43 972 
581 479 739 927 686 192 497 231 387 178 
930 800 998 898 392 313 200 569 460 293 
175 10 946 790 964 54 898 881 345 423 
908 397 253 292 666 919 466 248 752 1 
910 519 692 520 995 46 125 328 272 558 
223 950 316 649 843 982 493 576 192 525 
496 973 247 215 123 681 18 302 282 590 
480 399 306 33 362 123 54 745 840 710 
859 504 359 863 621 441 775 631 970 278 
446 444 319 260 947 493 184 564 537 347 
70 850 394 604 421 621 168 323 244 195 
745 872 433 933 366 286 943 69 413 293 
498 270 645 202 286 894 43 490 822 618 
463 549 224 842 990 738 565 159 737 711 
207 851 709 169 232 384 308 933 42 350 
589 526 849 813 666 818 668 470 499 739 
107 931 443 71 786 601 498 800 341 849 
589 105 172 145 662 920 906 710 887 533 
432 136 669 832 329 136 439 815 88 515 
138 991 633 453 190 873 568 125 422 203 
127 357 16 481 865 52 347 842 297 148 
865 947 792 430 160 298 362 103 822 164 
915 820 334 972 539 764 738 23 915 8 
125 132 458 59 800 84 829 154 697 593 
699 28 476 619 318 139 952 265 751 182 
531 880 181 116 770 847 487 228 613 344 
382 501 172 168 44 540 14 918 246 477 
103 670 757 18 451 275 628 798 492 444 
268 992 33 117 760 849 106 438 203 82 
435 772 245 148 623 142 254 518 983 943 
955 356 178 398 540 921 371 658 452 552 
897 236 555 263 855 16 31 482 355 370 
491 463 820 116 956 833 315 255 302 394 
930 22 96 925 70 497 120 784 442 814 
259 432 605 881 268 752 625 337 672 707 
599 964 749 894 873 558 3 344 347 20 
587 315 868 682 599 185 913 312 456 795 
968 239 365 393 202 21 824 943 709 781 
864 628 425 756 979 253 749 140 256 504 
683 740 115 240 856 754 279 360 41 352 
645 798 378 930 447 750 492 122 796 20 
253 481 828 705 323 620 722 891 872 702 
144 258 582 151 794 52 981 288 464 479 
659 671 623 429 5 949 515 454 104 443 
290 248 660 246 271 658 798 652 37 163 
247 945 436 810 769 92 546 236 234 831 
414 905 887 93 92 729 749 982 774 512 
743 871 48 995 644 226 453 69 681 666 
891 946 937 343 602 172 114 715 77 107 
484 576 297 124 945 333 341 997 273 885 
485 887 748 995 828 238 89 306 8 794 
57 301 96 796 568 649 614 65 514 162 
710 629 134 490 241 238 731 464 991 332 
810 653 70 379 587 351 451 200 500 15 
387 198 267 513 609 29 637 684 356 545 
64 523 763 160 333 861 73 622 144 249 
417 209 466 651 631 520 445 837 581 669 
625 402 137 693 429 120 54 524 890 275 
989 979 505 765 485 870 866 661 32 611 
562 206 2 804 531 387 626 451 126 746 
86 229 225 235 965 88 881 136 610 800 
516 722 383 753 475 393 984 926 663 726 
1000 203 690 324 609 806 975 329 883 667 
815 217 377 101 158 675 524 630 311 692 
816 838 807 852 458 776 841 884 250 27 
481 420 254 87 180 650 268 709 805 882 
619 123 765 62 620 973 534 945 877 300 
881 736 282 42 4 130 329 809 439 145 
640 523 22 609 711 307 690 456 779 236 
138 556 857 286 23 242 248 651 118 925 
588 976 789 875 474 302 621 325 136 806 
491 38 59 675 852 709 439 781 649 48 
998 421 992 604 106 470 670 728 262 197 
329 67 307 848 379 444 1 421 937 281 
383 326 221 268 928 675 367 507 808 472 
597 384 323 682 780 940 123 880 18 766 
374 629 645 147 340 529 699 263 929 745 
983 990 956 571 457 156 912 979 330 391 
629 949 403 949 352 898 293 579 67 800 
434 847 930 252 300 968 534 527 277 459 
415 149 548 971 646 8 334 860 288 299 
692 937 279 658 745 356 105 825 401 766 
231 562 851 999 837 829 397 723 832 604 
437 830 849 685 653 76 502 730 453 643 
848 839 667 599 159 67 924 987 429 29 
760 996 228 722 233 783 973 486 124 249 
463 445 988 589 767 887 144 766 158 535 
400 661 877 868 864 790 575 290 485 659 
275 403 946 186 755 499 887 5 953 248 
499 177 109 65 352 162 202 362 367 955 
612 669 984 795 849 653 519 407 804 634 
240 174 989 883 814 836 192 22 710 193 
488 556 286 723 701 190 180 545 262 425 
565 792 883 440 318 77 118 79 174 999 
733 814 110 441 499 514 603 918 88 993 
221 332 15 607 889 76 196 638 154 21 
372 939 753 187 359 652 938 713 230 545 
833 85 550 846 212 162 734 204 179 633 
421 715 677 690 904 556 582 51 992 655 
728 953 617 267 463 468 191 917 897 374 
94 584 943 617 983 435 676 869 936 638 
574 890 103 516 740 725 23 601 486 325 
757 793 156 38 778 138 968 959 971 238 
375 176 768 661 264 169 825 625 183 986 
124 130 797 643 662 314 773 556 512 166 
568 944 694 985 296 862 511 465 917 761 
620 160 556 538 107 913 537 402 486 975 
621 701 856 403 112 411 473 650 296 980 
501 120 934 39 680 136 767 747 590 220 
220 526 878 973 654 407 99 935 652 797 
736 318 280 558 736 534 978 133 14 110 
693 727 441 8 979 951 511 867 207 918 
359 278 103 836 207 324 117 315 369 804 
963 287 21 455 818 154 921 524 511 970 
658 658 73 443 910 188 305 794 277 597 
953 804 195 154 189 935 21 264 57 856 
155 774 589 457 284 633 433 190 375 340 
856 879 816 289 389 425 805 260 25 749 
358 627 350 32 612 555 834 466 852 475 
799 306 577 433 513 881 185 653 39 313 
192 35 224 938 525 46 852 322 551 187 
378 794 266 272 584 492 243 59 624 635 
751 849 83 361 637 748 118 175 235 941 
826 998 212 578 623 508 247 909 382 982 
62 161 347 540 324 748 579 317 920 923 
372 766 41 797 951 321 585 677 589 333 
928 609 779 224 15 692 86 525 484 201 
825 792 129 712 808 581 499 636 358 553 
475 150 127 205 282 589 674 88 606 425 
848 576 943 90 935 506 738 541 211 700 
65 3 493 942 83 551 84 108 1000 817 
308 751 798 559 822 138 61 982 345 844 
831 645 953 65 356 712 877 706 117 428 
896 326 963 722 482 699 196 575 245 362 
411 440 296 693 227 788 397 335 59 778 
136 300 262 593 652 607 752 528 202 903 
364 443 991 381 366 32 6 108 47 73 
981 687 284 115 916 431 810 996 721 233 
260 528 450 400 640 785 941 542 48 910 
324 351 641 153 784 56 613 762 124 512 
173 573 354 11 429 1 589 24 975 267 
920 256 826 406 363 375 228 118 777 597 
906 813 298 178 988 974 602 144 532 133 
554 39 829 939 689 998 252 805 493 467 
3 110 335 737 22 132 106 626 703 810 
945 402 936 405 216 493 852 576 31 387 
710 424 734 709 644 958 398 963 357 819 
102 420 745 260 818 877 133 926 903 802 
177 213 7 50 179 131 337 914 599 494 
578 528 15 656 122 16 952 49 953 133 
730 665 99 913 458 875 35 728 648 741 
105 486 398 720 399 385 846 471 84 748 
566 635 833 697 517 416 813 593 527 285 
789 961 707 832 212 967 575 835 108 892 
122 368 197 601 726 624 542 800 556 179 
144 121 767 50 947 665 279 710 784 64 
612 772 210 755 391 742 806 526 433 23 
435 691 413 578 186 661 186 642 795 994 
921 13 153 990 389 858 779 824 451 294 
237 356 911 182 831 411 306 271 465 688 
326 427 675 546 251 712 401 293 71 126 
11 92 779 2 392 955 475 177 626 714 
30 859 474 250 931 359 861 268 418 700 
958 693 62 954 300 337 593 417 596 131 
776 489 202 340 311 451 994 879 304 776 
952 354 365 732 567 818 376 284 110 770 
710 866 111 766 600 639 543 596 998 700 
317 345 803 244 262 444 802 553 782 152 
682 618 16 354 256 678 955 765 812 498 
257 103 509 548 762 717 36 484 463 535 
378 598 251 345 220 404 686 821 755 119 
381 67 133 921 254 766 492 525 287 734 
988 913 402 334 43 669 380 285 231 364 
315 55 50 752 615 739 453 209 156 338 
493 851 194 997 628 41 715 612 751 121 
433 297 906 813 37 738 699 78 81 523 
531 356 267 592 809 859 995 882 835 952 
425 569 731 784 421 287 517 842 178 633 
951 646 108 906 462 28 828 329 180 114 
162 819 219 117 50 239 783 309 751 260 
634 529 128 229 317 461 791 131 312 606 
98 27 160 866 606 131 765 474 198 439 
448 576 174 99 590 389 327 961 82 342 
430 916 469 722 594 900 885 102 248 299 
988 258 148 235 460 541 908 645 930 207 
56 475 809 238 132 633 991 703 549 908 
604 213 722 88 501 719 275 19 429 188 
380 290 643 74 430 572 504 437 201 964 
578 24 745 899 71 107 649 356 964 206 
124 62 720 656 893 277 869 603 644 996 
409 219 306 452 99 924 755 986 627 575 
640 200 25 123 245 370 82 340 822 983 
703 3 551 297 34 897 310 447 119 783 
311 283 721 638 848 271 998 290 285 586 
989 168 792 318 482 448 830 54 668 240 
353 555 722 233 857 211 333 192 817 137 
649 302 710 502 934 7 965 332 898 237 
701 747 23 490 51 287 802 854 938 764 
221 982 423 300 900 112 9 103 835 918 
129 518 391 106 198 524 173 827 205 510 
290 830 959 919 304 725 875 518 833 369 
244 500 258 869 558 487 420 581 399 522 
639 872 232 919 116 83 984 295 56 503 
121 619 965 961 887 243 485 452 52 285 
972 36 372 928 928 178 565 886 966 663 
206 529 544 375 339 76 811 89 629 621 
577 826 477 516 617 252 520 718 47 659 
216 21 667 60 497 915 247 920 620 683 
382 819 473 684 758 861 919 371 928 129 
36 689 705 136 113 200 39 980 437 463 
968 595 352 778 601 256 538 934 842 865 
958 627 322 801 201 498 522 218 534 875 
696 119 122 551 658 983 760 367 855 525 
520 410 25 21 713 545 134 249 296 313 
859 188 10 716 260 84 768 783 698 152 
121 468 538 821 340 663 580 180 169 799 
297 939 937 224 904 913 673 433 575 363 
802 256 251 932 399 231 654 671 154 299 
578 436 229 596 784 507 283 372 264 574 
557 918 844 261 196 266 362 386 194 862 
183 733 546 567 682 896 440 351 860 79 
92 465 115 513 168 881 778 799 59 536 
979 753 401 699 48 703 383 109 685 336 
780 5 826 80 885 281 486 228 192 718 
641 855 714 509 544 660 362 988 548 921 
505 25 715 703 779 754 838 230 650 847 
884 134 894 84 691 813 143 875 497 126 
189 940 226 192 894 301 24 527 657 715 
147 299 109 40 399 634 861 763 861 914 
570 502 249 711 541 297 884 95 93 674 
239 372 997 251 407 78 180 556 56 824 
238 900 946 787 695 931 836 350 913 634 
762 371 202 550 66 490 25 67 765 452 
205 749 815 778 934 382 252 792 558 481 
785 319 362 523 925 163 720 907 514 974 
240 75 729 293 120 744 410 175 250 771 
637 207 688 44 947 596 471 964 33 431 
579 100 361 847 737 809 275 881 124 249 
390 42 20 976 509 214 108 839 894 585 
25 703 402 384 717 953 543 158 226 702 
224 126 161 333 129 828 130 196 860 84 
790 337 313 955 843 115 489 900 176 633 
976 215 86 596 114 884 653 473 356 94 
588 390 776 676 70 64 174 901 626 155 
528 258 314 252 648 272 990 1000 740 51 
140 798 263 548 123 549 801 589 661 398 
847 849 626 691 107 460 233 105 767 52 
247 508 505 842 466 123 918 651 814 790 
75 881 824 742 853 127 278 409 636 6 
146 91 139 713 985 208 495 168 321 933 
334 558 157 643 874 698 735 815 117 108 
300 515 86 132 1000 725 523 581 277 730 
324 563 71 625 117 146 259 948 727 198 
658 86 936 112 395 715 443 636 29 276 
122 608 511 598 704 897 237 66 632 64 
405 42 437 66 259 3 754 383 641 307 
102 19 141 863 269 449 543 421 8 784 
838 243 292 290 128 524 662 824 132 158 
893 208 288 892 656 159 934 398 55 321 
725 910 583 347 670 237 477 716 961 393 
86 240 466 674 194 476 964 438 431 558 
103 572 989 342 727 921 122 592 166 847 
448 416 694 890 689 997 554 519 659 93 
391 226 408 810 675 379 584 237 716 787 
730 125 365 482 149 885 271 14 459 801 
291 720 339 593 949 644 407 694 526 704 
856 227 523 507 366 412 601 544 806 677 
768 232 658 388 154 612 38 804 11 937 
991 486 113 349 662 18 204 251 822 10 
355 105 824 18 96 721 446 713 634 439 
392 605 628 959 883 676 730 622 663 781 
465 668 147 236 95 969 562 995 487 447 
534 665 967 981 759 822 469 85 759 203 
38 883 683 401 327 584 437 266 123 15 
134 739 327 218 328 165 720 503 491 55 
742 725 583 549 645 208 848 220 986 789 
334 203 594 341 808 349 758 688 421 255 
91 121 852 547 767 69 696 977 915 753 
809 364 295 610 65 277 183 655 969 392 
176 451 821 984 381 778 762 599 905 936 
920 69 750 349 524 470 725 328 662 889 
121 29 248 241 210 62 646 776 920 362 
191 727 929 103 561 155 579 83 295 159 
638 914 378 495 507 614 990 179 555 263 
253 450 939 893 750 125 495 183 465 915 
676 31 427 28 470 979 915 827 940 684 
612 133 775 998 885 749 576 83 674 357 
491 566 436 591 505 567 531 916 447 89 
540 663 73 886 665 139 712 123 49 207 
680 225 167 816 224 114 431 223 100 740 
274 395 0 853 734 41 154 983 302 120 
538 132 192 429 60 32 260 218 423 307 
737 762 946 959 437 515 742 828 178 30 
795 782 942 229 50 86 493 129 256 363 
177 80 128 308 113 698 642 456 50 516 
663 267 451 308 558 422 871 610 289 381 
772 782 489 465 475 269 559 497 581 639 
954 46 260 856 337 777 68 769 849 668 
760 105 513 499 886 935 648 537 35 242 
377 411 803 507 588 408 131 850 68 278 
597 968 244 690 866 17 432 17 100 100 
29 30 63 976 697 446 835 231 456 677 
479 265 499 583 794 700 805 535 706 767 
370 740 963 284 632 876 565 801 831 654 
824 851 647 86 181 914 640 473 18 635 
687 699 571 209 449 444 719 795 744 62 
74 961 132 41 379 502 222 931 541 247 
334 834 288 681 529 860 129 46 31 628 
61 967 301 482 201 650 516 902 113 300 
135 253 299 982 150 931 624 801 990 698 
249 241 570 801 243 100 86 517 192 738 
829 939 103 132 412 580 384 202 702 902 
406 998 151 678 585 209 1 708 400 660 
720 523 928 226 662 580 688 360 771 728 
430 967 695 292 15 247 248 847 411 238 
679 224 250 148 534 787 802 688 947 382 
309 980 287 569 630 44 205 154 866 110 
326 303 272 296 637 366 107 789 723 406 
677 773 366 592 746 883 335 908 953 894 
515 531 861 5 671 658 727 463 2 588 
166 414 832 437 904 643 82 384 510 931 
496 975 691 286 570 768 276 889 235 716 
628 802 743 381 691 744 622 513 169 207 
469 675 116 249 372 164 179 705 460 71 
191 978 851 541 23 957 780 194 568 801 
720 196 54 571 622 11 896 180 71 620 
290 56 979 880 702 464 288 650 446 112 
77 757 985 605 362 67 251 754 781 618 
413 536 512 322 898 225 365 395 332 344 
804 542 678 304 950 216 950 79 808 81 
645 695 410 37 147 113 183 185 668 472 
133 416 549 779 325 366 862 264 578 228 
822 923 702 944 349 43 551 555 694 638 
716 149 763 335 308 830 252 508 12 531 
136 712 772 271 289 251 348 163 623 261 
692 478 844 897 122 545 473 816 855 801 
894 595 884 922 372 924 772 841 603 413 
686 581 495 879 548 115 290 290 182 393 
915 85 305 76 441 215 76 291 844 399 
831 815 227 88 283 213 26 435 800 563 
978 671 311 628 937 35 108 644 856 839 
146 812 635 49 267 876 236 39 137 393 
666 337 871 25 305 100 99 887 369 272 
418 625 690 85 636 622 795 789 592 233 
137 500 327 47 681 119 120 379 587 533 
8 907 497 846 843 199 615 172 474 655 
266 343 157 728 716 231 635 845 455 37 
402 455 566 769 8 493 993 909 424 415 
995 481 676 147 476 144 910 803 186 132 
206 816 931 317 347 188 471 864 964 834 
145 416 665 520 340 806 916 450 349 508 
773 967 963 827 579 126 110 704 259 764 
813 580 146 109 872 637 532 820 95 175 
92 687 130 317 840 7 439 832 763 844 
756 472 53 262 276 269 323 989 120 934 
363 369 448 418 178 404 508 612 639 37 
859 728 686 69 887 537 215 695 404 624 
688 722 725 805 496 635 10 240 995 752 
670 924 316 467 805 732 339 846 757 197 
793 3 775 745 659 211 686 784 214 493 
782 458 852 625 550 562 263 711 65 561 
262 364 909 87 385 354 411 263 761 667 
772 478 976 223 556 49 478 859 297 52 
342 115 721 464 377 599 6 830 507 305 
425 708 18 158 726 711 555 203 179 924 
625 528 402 279 28 568 84 400 622 734 
17 569 225 163 92 524 824 850 110 557 
538 472 223 286 1000 451 212 27 301 703 
601 972 588 70 571 280 156 958 604 943 
260 804 838 726 248 926 141 486 255 96 
772 699 360 976 492 360 680 305 874 713 
427 94 665 330 5 310 856 81 44 190 
837 380 251 752 238 990 807 619 488 377 
448 511 454 36 319 758 244 835 732 224 
855 702 352 37 262 845 645 387 49 226 
615 742 789 16 991 13 183 419 851 327 
382 496 773 655 144 317 978 579 301 288 
855 456 758 562 559 540 624 616 798 2 
625 898 472 304 424 826 330 884 930 373 
583 73 215 869 977 626 204 305 627 899 
697 109 463 310 169 572 96 910 380 444 
479 678 620 249 842 525 866 329 345 869 
614 916 909 290 134 894 875 35 382 701 
948 472 761 242 131 96 399 142 614 741 
598 476 60 316 147 467 102 976 862 871 
117 943 133 943 587 27 299 57 109 120 
148 569 863 339 525 135 607 588 612 83 
783 622 40 672 123 749 855 654 531 533 
600 779 349 154 508 241 963 503 311 204 
106 548 971 936 609 520 209 166 858 670 
878 981 930 657 795 394 814 944 449 728 
776 284 36 161 517 342 898 651 948 212 
764 419 409 569 692 0 211 102 636 646 
636 274 284 194 976 850 364 812 907 529 
514 388 310 409 975 969 589 987 730 399 
826 930 938 944 226 788 525 655 129 284 
271 678 298 31 913 48 598 617 22 892 
511 893 603 14 707 728 144 240 405 392 
491 673 140 658 192 919 418 523 912 997 
905 560 43 772 760 986 321 474 230 853 
501 288 160 373 386 612 729 758 7 135 
7 238 62 232 848 150 239 539 86 476 
107 841 981 791 696 514 391 101 295 621 
356 432 714 348 38 789 477 892 928 834 
308 155 571 245 276 396 827 554 344 446 
65 507 375 85 612 499 311 479 430 908 
399 691 728 877 867 403 180 281 533 120 
373 808 735 861 960 95 264 929 938 217 
827 736 326 207 54 457 620 728 297 97 
127 785 783 295 34 542 777 637 276 56 
960 893 363 33 23 66 133 893 222 373 
504 94 698 214 342 875 726 797 22 292 
848 480 931 155 827 305 177 969 735 325 
776 428 123 445 472 568 16 459 773 476 
906 39 130 389 112 742 861 822 685 483 
126 747 15 585 464 81 696 633 918 976 
938 721 244 992 10 505 669 799 628 316 
775 647 544 544 638 104 538 417 76 173 
140 578 778 116 806 65 653 403 595 518 
221 768 108 297 152 163 622 677 472 199 
144 399 419 427 337 211 239 137 26 333 
354 144 345 551 414 892 637 904 164 786 
867 640 578 953 895 205 653 103 896 751 
81 915 969 817 171 745 827 269 850 806 
508 854 74 568 898 271 727 416 924 623 
848 334 305 66 641 628 158 459 471 307 
220 169 795 317 330 127 776 939 989 285 
787 875 732 612 236 992 592 348 572 50 
77 499 323 969 485 321 917 390 503 90 
132 410 226 717 316 537 337 794 525 911 
680 395 367 675 375 122 46 184 372 496 
111 902 336 0 122 493 685 902 842 483 
773 596 268 829 568 447 573 972 783 809 
900 567 426 637 676 970 353 953 21 508 
149 965 685 470 326 50 908 372 588 322 
391 655 9 409 493 313 588 901 972 994 
984 116 144 429 394 899 134 904 48 879 
528 384 307 586 429 717 45 283 206 271 
746 659 210 55 391 670 307 780 288 516 
940 725 201 311 449 400 325 361 653 322 
605 154 796 953 482 822 14 744 57 990 
195 908 890 324 522 841 88 959 4 291 
802 898 37 926 202 29 66 622 893 342 
484 795 734 703 338 503 30 965 911 416 
725 973 817 916 762 496 765 781 939 618 
779 262 622 852 301 478 913 859 348 842 
853 768 896 291 991 305 993 648 914 491 
911 619 486 996 95 560 352 772 348 753 
370 647 51 621 333 354 912 10 693 944 
170 763 783 55 93 830 946 204 485 414 
268 330 261 983 31 392 195 284 960 954 
348 340 37 207 542 833 28 490 946 15 
377 481 507 107 622 859 870 359 963 775 
422 456 873 540 214 313 587 117 499 829 
104 109 80 788 105 765 498 359 777 741 
913 804 497 18 21 883 77 746 671 698 
738 909 501 976 442 19 879 895 802 99 
59 15 896 20 263 47 331 684 862 935 
55 1000 379 739 868 132 256 857 475 147 
453 353 203 859 30 275 956 116 320 164 
965 39 375 99 239 121 97 171 310 550 
21 774 416 76 524 445 435 414 456 358 
550 140 514 353 497 721 712 892 467 800 
755 978 904 132 680 959 750 836 728 750 
157 850 637 211 95 343 15 300 193 674 
299 459 900 744 325 48 778 995 110 808 
155 955 436 621 295 608 968 63 951 630 
688 131 648 164 182 791 489 1000 444 591 
651 650 886 634 226 590 118 571 466 756 
109 551 997 791 327 631 730 506 359 281 
548 224 422 228 484 173 528 337 406 941 
903 497 154 909 156 477 103 20 247 768 
113 868 810 686 395 810 96 530 733 140 
661 178 801 535 955 128 655 556 905 99 
40 958 915 581 207 529 37 993 511 340 
365 332 312 484 249 424 513 937 121 601 
675 447 356 132 851 312 543 560 664 480 
896 942 28 442 408 193 732 894 411 84 
596 88 231 125 309 717 803 853 147 301 
654 40 512 357 480 247 633 196 22 277 
97 903 157 304 821 358 379 979 93 207 
176 713 673 739 804 372 426 404 187 128 
180 154 621 284 860 900 143 424 578 762 
755 821 141 381 597 206 29 327 22 920 
149 573 76 842 578 70 419 961 723 804 
508 219 642 885 882 117 430 390 728 26 
752 553 413 110 730 245 905 875 507 681 
888 508 281 960 996 305 980 358 930 712 
92 437 386 525 568 750 755 347 597 62 
864 743 789 312 465 598 271 497 467 566 
191 383 887 260 840 936 88 448 888 804 
646 445 49 423 433 441 956 160 683 459 
677 78 565 413 230 280 470 993 630 849 
553 453 372 779 224 65 274 780 238 999 
100 282 928 221 569 424 188 396 725 234 
305 947 745 594 49 744 795 542 857 398 
964 570 434 674 415 596 831 512 582 429 
41 730 865 742 480 407 380 838 97 177 
849 311 540 996 547 758 260 757 388 207 
515 964 529 609 58 717 906 146 304 188 
77 242 883 716 397 527 938 830 718 220 
640 384 826 286 923 673 89 758 311 284 
578 495 395 767 729 5 608 355 632 409 
292 325 460 25 456 314 997 889 456 981 
813 891 289 338 914 878 999 581 732 636 
541 274 249 864 256 619 821 570 291 777 
465 377 687 288 446 76 463 885 406 341 
121 244 383 897 973 750 16 887 2 139 
545 88 899 212 512 980 392 156 931 451 
551 181 983 767 573 651 470 415 289 16 
381 64 754 79 113 340 769 734 566 245 
348 653 422 190 760 899 39 819 197 489 
42 934 679 496 603 892 439 143 707 737 
939 335 432 610 841 246 341 202 110 853 
522 264 791 315 997 627 779 417 759 661 
980 588 149 706 518 712 951 214 612 542 
554 538 876 41 228 784 33 204 586 74 
677 309 517 677 563 381 522 624 639 770 
938 1000 343 380 594 976 276 953 940 388 
876 109 299 518 333 877 182 555 195 867 
290 157 472 131 32 121 854 580 422 951 
743 388 867 964 443 671 428 308 578 15 
703 792 393 189 363 996 696 216 854 362 
271 758 787 532 151 950 129 31 829 625 
44 113 664 624 104 492 902 295 963 517 
937 940 102 271 268 769 992 272 521 427 
60 290 109 293 23 742 771 979 33 420 
659 354 746 729 772 116 154 559 118 35 
96 297 4 214 993 671 180 11 285 432 
301 352 810 788 679 392 789 67 135 486 
284 80 334 100 268 248 289 825 458 160 
557 307 385 825 922 97 538 183 743 155 
196 370 713 55 413 816 650 587 428 578 
978 567 968 526 648 169 633 914 158 876 
227 422 185 585 722 21 625 461 36 815 
156 467 593 106 925 319 253 528 832 476 
743 675 977 586 898 870 255 246 50 842 
869 209 367 462 226 942 610 172 923 336 
435 497 445 83 174 339 702 639 355 902 
578 594 584 147 512 708 649 3 65 902 
747 278 409 589 366 927 720 769 607 366 
915 330 645 395 809 300 633 39 876 250 
227 933 59 147 744 434 559 752 5 709 
708 242 205 738 402 967 826 46 724 139 
780 511 198 601 7 166 979 834 740 144 
201 64 30 685 576 890 981 390 498 5 
718 753 716 688 310 693 213 4 274 363 
405 681 902 718 950 332 488 130 655 438 
125 814 613 706 734 206 654 763 30 243 
128 668 746 615 715 960 597 84 161 329 
616 970 988 933 736 948 230 898 568 442 
730 496 386 501 242 596 735 160 197 608 
6 631 48 939 598 505 704 173 727 57 
878 45 317 429 593 347 730 33 657 700 
769 93 611 296 961 877 672 171 618 714 
797 182 455 715 412 355 985 81 102 959 
360 536 45 227 462 448 107 182 672 881 
920 214 728 954 453 334 1 865 424 120 
708 650 705 470 331 396 738 547 265 253 
754 101 785 942 141 837 793 359 699 808 
356 963 547 196 778 444 426 609 583 878 
897 303 111 286 990 158 596 598 312 608 
755 505 384 767 216 895 433 208 518 988 
805 410 519 10 708 464 795 819 133 970 
669 586 331 920 966 728 787 461 688 882 
353 293 818 147 700 722 882 607 625 374 
265 252 959 12 93 142 253 987 514 987 
203 351 248 52 905 587 248 509 142 603 
627 145 775 747 974 39 950 798 713 947 
862 547 127 221 67 377 283 565 479 105 
265 253 36 765 471 885 76 67 935 89 
933 315 712 545 452 972 400 456 885 771 
685 657 318 536 987 978 985 85 859 406 
898 290 538 530 817 100 330 406 465 805 
183 561 465 452 891 147 954 217 935 107 
968 156 523 706 107 86 472 335 161 838 
820 603 279 556 144 531 728 920 752 333 
803 353 888 248 615 494 437 720 482 344 
992 308 430 341 902 495 500 222 214 351 
820 279 759 986 313 409 429 368 145 969 
348 394 363 159 144 140 327 766 65 613 
704 113 39 548 726 334 456 716 534 56 
479 230 355 437 637 941 378 867 687 825 
731 81 219 362 453 149 429 78 511 70 
46 510 43 587 109 811 549 926 90 303 
306 447 342 575 880 80 661 122 867 912 
109 101 638 337 497 119 457 207 592 287 
452 753 133 173 185 2 375 594 452 551 
922 520 429 513 935 861 224 73 273 687 
839 79 81 547 551 836 145 971 494 8 
559 150 532 473 972 42 85 767 686 11 
968 920 131 31 566 843 989 184 548 178 
619 183 80 892 147 649 769 799 145 236 
313 895 643 156 547 721 769 158 446 223 
809 109 566 917 156 49 274 623 313 624 
391 708 191 10 345 504 43 47 565 539 
533 387 324 856 837 256 501 740 972 26 
232 758 60 346 708 192 792 532 455 700 
495 719 274 939 437 494 753 783 853 541 
148 429 826 994 968 651 758 920 272 558 
467 465 30 8 274 236 448 615 84 936 
370 879 277 784 431 54 376 833 1000 927 
437 556 656 966 85 241 601 116 911 140 
795 515 455 406 613 251 704 274 971 202 
516 85 935 74 29 511 702 5 106 712 
656 982 878 463 370 331 269 919 858 125 
326 80 168 219 395 313 867 722 709 265 
605 292 151 124 430 991 429 88 393 685 
4 435 239 277 927 270 727 301 459 385 
323 832 213 871 654 672 858 150 100 133 
224 262 526 582 834 66 875 364 926 61 
851 74 210 475 578 752 706 394 338 927 
313 769 501 956 815 217 710 749 362 358 
96 659 948 894 422 15 960 345 437 187 
652 579 238 488 270 242 923 822 135 221 
325 317 459 597 35 795 200 171 504 85 
902 362 297 346 770 53 57 857 70 489 
884 810 17 125 161 641 593 720 106 689 
719 854 660 341 564 61 986 593 889 455 
3 776 211 128 357 135 288 319 348 436 
950 495 765 326 637 199 512 631 133 413 
718 543 855 60 312 520 133 936 203 34 
649 885 103 331 967 534 0 487 430 254 
332 495 150 36 797 674 60 929 143 552 
606 932 131 161 358 719 363 681 988 734 
397 842 406 49 760 592 942 227 148 984 
689 818 108 350 182 268 196 353 380 3 
634 851 68 327 888 546 957 223 262 105 
750 533 954 276 429 765 882 450 191 649 
272 374 786 522 767 783 596 236 834 833 
359 344 260 297 862 623 617 94 521 933 
583 126 34 276 90 673 691 329 222 977 
255 989 264 938 936 830 186 404 252 214 
196 502 551 603 340 576 651 713 286 600 
684 177 289 707 107 485 916 337 512 472 
9 976 854 65 985 253 613 165 754 409 
730 864 619 176 278 331 429 702 325 594 
879 856 254 26 368 50 311 544 502 467 
377 503 525 496 836 834 631 839 88 308 
503 665 534 0 14 663 982 600 581 450 
324 975 680 83 23 676 664 440 437 171 
493 748 33 599 951 983 159 913 334 514 
374 940 312 493 521 816 567 46 951 502 
677 144 365 541 369 47 754 436 519 649 
7 671 409 980 763 372 778 552 45 326 
722 624 646 652 598 548 181 6 326 809 
593 124 738 838 736 482 514 293 924 59 
490 112 961 927 795 299 6 744 626 971 
388 445 17 367 984 107 87 946 319 290 
53 31 86 554 553 950 236 636 319 549 
768 561 622 523 267 173 452 195 262 994 
345 389 817 203 720 683 518 589 682 620 
282 119 345 688 254 490 601 505 438 811 
85 545 47 382 101 255 159 897 129 888 
993 764 426 922 73 589 516 92 63 771 
712 794 476 409 652 6 213 608 185 448 
525 153 994 535 198 156 728 843 223 879 
301 445 601 914 389 751 359 511 464 627 
201 881 899 57 779 936 935 929 169 502 
961 805 456 40 151 784 293 10 575 347 
490 552 88 771 345 934 431 167 145 834 
645 873 108 16 952 938 67 955 694 780 
433 411 676 362 696 557 32 288 520 553 
96 89 763 946 651 655 287 688 929 343 
964 416 224 868 368 986 768 84 641 885 
13 818 135 726 523 751 286 228 873 695 
566 734 975 449 733 9 582 395 591 110 
609 298 572 553 919 812 974 786 680 935 
834 295 423 142 406 597 862 184 923 755 
692 450 364 970 168 681 164 634 918 999 
480 504 365 652 561 183 729 162 955 747 
444 104 1000 959 129 481 223 185 176 909 
474 309 345 847 967 927 91 517 939 10 
382 47 825 434 709 39 578 429 113 691 
942 933 37 364 443 965 92 189 503 282 
862 791 410 971 584 294 789 570 841 246 
334 105 319 370 165 996 557 943 987 972 
400 104 64 518 231 989 486 753 644 344 
498 855 306 519 840 273 694 414 889 337 
392 569 548 540 244 218 74 502 377 77 
212 0 382 829 616 178 695 77 35 668 
578 530 254 306 521 422 147 974 139 820 
562 100 81 793 214 726 490 574 631 645 
190 229 75 139 615 449 293 250 764 837 
587 666 151 92 550 517 283 101 139 913 
689 331 814 716 367 153 636 886 128 94 
858 983 994 853 337 486 516 228 519 946 
173 99 185 854 257 619 414 226 896 245 
66 39 886 185 969 315 565 751 241 708 
91 501 413 367 527 431 702 263 90 756 
854 530 919 705 755 87 883 207 605 26 
244 419 660 911 447 618 259 373 245 743 
354 33 711 393 484 712 150 466 418 169 
530 359 208 605 573 579 371 730 532 880 
119 408 614 698 887 721 918 644 320 79 
677 987 296 264 65 166 553 522 653 114 
787 670 681 555 361 512 144 380 924 379 
904 774 663 394 736 686 198 59 199 694 
650 106 263 663 780 24 71 77 361 697 
889 252 364 831 528 836 894 470 355 298 
395 991 557 648 8 163 659 825 114 574 
169 823 293 500 695 623 243 21 680 174 
212 958 660 257 738 158 539 536 430 733 
672 879 842 665 746 314 144 967 97 789 
818 740 10 475 183 772 779 886 894 54 
818 581 382 58 329 599 708 841 59 594 
846 435 607 469 695 821 157 995 629 386 
668 708 876 466 36 123 769 317 16 725 
35 709 416 225 569 874 600 452 55 445 
373 550 991 885 927 523 52 968 686 300 
38 831 53 239 191 122 602 915 787 819 
67 633 519 433 228 516 311 261 202 743 
983 881 145 105 240 573 359 393 618 12 
776 134 859 532 399 786 239 843 348 534 
149 815 345 830 241 37 546 909 345 255 
818 521 243 498 912 574 803 932 591 282 
73 84 984 524 542 915 842 553 917 809 
772 875 590 944 354 560 828 149 81 599 
164 136 117 298 195 746 95 90 510 481 
6 348 886 821 931 928 156 406 107 683 
510 496 982 880 50 442 224 404 159 994 
12 259 310 34 827 490 189 921 239 179 
402 823 163 550 147 255 556 137 668 996 
576 138 233 351 378 269 277 541 624 210 
363 296 481 200 915 33 766 585 294 912 
833 264 552 868 396 471 634 231 319 678 
443 232 863 681 926 294 299 25 11 801 
994 358 506 112 946 946 442 675 342 46 
675 199 728 414 607 902 867 25 653 579 
366 803 279 49 13 50 798 262 362 26 
778 203 641 732 921 864 837 262 237 234 
346 693 961 6 100 136 169 354 98 557 
493 658 738 343 517 734 767 80 30 181 
459 421 715 183 856 521 823 618 145 676 
723 113 831 435 845 80 289 184 305 852 
58 94 459 833 471 653 996 323 662 412 
106 691 745 692 472 562 465 173 885 554 
319 411 234 88 711 656 202 325 638 532 
812 150 790 651 89 137 340 78 81 288 
738 905 73 439 534 774 619 650 684 138 
249 924 453 228 842 497 256 306 566 446 
458 79 663 114 286 414 585 735 39 828 
998 835 631 416 634 440 948 617 343 328 
379 219 961 873 976 925 20 136 606 978 
546 604 609 761 168 398 843 73 897 26 
474 841 77 159 334 270 374 697 221 53 
882 94 859 433 773 542 71 629 1000 346 
467 525 736 918 731 361 523 824 789 902 
857 849 862 972 781 78 896 191 275 876 
250 99 25 356 636 545 119 99 432 4 
746 86 456 275 949 296 863 524 308 370 
250 779 969 500 334 326 487 645 548 766 
562 806 175 12 597 244 923 258 161 122 
87 865 220 528 403 490 487 649 875 81 
765 233 915 780 860 758 741 687 807 895 
228 504 15 547 582 343 736 530 22 627 
405 459 307 762 815 545 447 409 119 890 
208 482 327 665 199 993 322 646 711 940 
131 866 241 912 647 451 192 727 493 355 
639 809 365 826 506 310 997 38 170 784 
32 629 805 19 549 954 638 965 849 440 
82 116 413 325 454 780 289 557 201 755 
616 531 897 426 731 253 380 87 582 7 
604 517 374 341 278 153 121 494 318 726 
66 491 113 59 702 973 90 623 485 970 
3 886 324 960 736 816 53 899 518 735 
452 974 258 957 265 87 658 402 761 149 
752 95 378 666 991 244 921 812 845 341 
664 893 879 440 435 17 669 333 151 635 
154 485 662 572 893 685 564 541 512 629 
952 476 787 113 626 85 981 611 705 711 
107 649 381 569 373 565 867 886 188 481 
344 515 158 961 997 152 380 23 140 569 
906 448 172 623 128 694 983 453 154 315 
88 415 764 581 563 397 879 347 22 863 
853 852 954 511 258 407 776 639 830 203 
80 284 862 867 57 628 186 845 553 781 
788 793 964 778 572 744 715 57 672 979 
248 847 184 753 324 568 810 259 857 479 
759 470 564 490 818 31 347 167 861 44 
968 6 166 605 753 790 297 121 898 947 
913 914 262 415 83 18 943 168 709 315 
284 848 120 323 875 514 760 13 2 770 
939 108 0 922 205 430 790 548 943 790 
384 392 196 93 628 72 48 39 554 981 
82 237 125 869 214 839 412 135 178 209 
959 491 673 124 242 706 118 761 53 173 
802 927 774 888 897 985 301 721 86 309 
758 637 677 717 815 619 876 358 446 206 
463 475 892 49 139 347 208 662 499 376 
637 583 879 206 137 701 138 542 677 288 
878 88 363 278 709 388 134 308 434 957 
412 986 601 736 306 423 51 402 714 125 
71 648 924 212 625 898 275 746 582 687 
319 493 81 210 386 852 699 142 15 251 
499 662 562 694 933 84 416 667 149 735 
65 493 535 184 47 198 206 381 380 57 
507 388 959 955 307 927 648 493 726 748 
355 391 602 678 928 869 564 981 950 294 
807 537 138 945 945 227 849 245 743 3 
261 753 942 885 339 557 672 666 248 172 
425 98 268 305 892 511 97 402 404 699 
994 391 518 539 438 149 641 670 151 515 
260 682 597 137 258 957 403 636 169 753 
256 521 998 679 919 768 987 887 616 444 
781 46 832 994 222 339 118 47 79 558 
508 757 530 647 753 468 723 515 778 662 
719 420 492 76 988 58 669 94 881 234 
667 776 973 462 273 437 725 684 268 987 
462 260 530 558 391 897 239 906 298 994 
457 711 172 410 938 558 148 58 57 292 
870 533 821 576 634 397 764 886 911 763 
110 731 271 521 624 969 31 854 429 458 
986 438 788 705 687 621 682 459 142 329 
271 438 119 8 931 338 145 313 122 63 
21 959 987 795 593 252 485 321 219 407 
60 571 144 27 334 725 157 200 570 538 
404 214 20 934 666 651 4 668 81 648 
5 705 734 875 192 507 875 359 205 435 
959 963 702 388 187 141 890 770 746 74 
244 167 621 888 158 852 504 458 306 606 
828 91 358 752 395 421 594 954 731 322 
63 164 848 541 855 979 545 381 768 943 
491 437 651 491 757 821 184 389 560 621 
59 736 167 899 602 180 891 703 613 849 
304 96 553 415 192 585 836 233 263 599 
926 117 963 319 938 217 291 718 838 79 
472 221 197 920 22 444 433 433 739 72 
713 91 702 395 478 649 337 282 633 720 
454 755 661 959 402 102 366 132 338 132 
677 217 850 486 745 41 469 366 424 542 
298 803 400 834 358 69 969 78 236 358 
6 836 410 517 847 145 178 651 138 32 
112 104 296 269 571 87 237 443 47 844 
470 35 346 487 32 15 75 466 736 853 
151 13 66 56 950 939 442 923 429 322 
475 687 976 718 955 160 806 462 919 6 
215 329 423 363 764 191 828 736 876 817 
220 883 115 224 897 652 393 105 362 158 
667 424 539 193 448 577 415 276 289 714 
599 368 772 343 338 486 70 954 684 980 
184 843 768 601 93 458 651 877 54 938 
796 138 537 412 677 700 868 163 720 332 
795 622 206 555 434 700 446 462 354 140 
586 902 144 686 865 459 817 30 834 771 
557 338 29 470 991 609 204 594 491 602 
866 237 547 375 399 228 528 363 291 648 
523 877 602 380 124 365 899 627 450 883 
610 155 670 667 873 90 193 580 886 261 
840 582 273 860 290 181 618 941 297 22 
260 591 338 505 63 656 790 260 482 694 
344 791 675 893 903 708 59 410 57 182 
430 37 37 750 751 167 536 70 992 330 
962 989 443 696 764 906 504 184 936 415 
894 95 306 576 459 687 380 20 237 96 
855 747 829 800 317 159 586 546 842 960 
134 931 353 211 362 183 717 125 847 476 
19 574 84 770 865 925 659 428 950 576 
558 506 447 837 403 337 519 920 347 70 
127 357 624 228 407 217 938 992 972 421 
816 857 448 504 584 397 455 207 894 316 
161 860 855 637 264 852 544 701 665 651 
498 557 622 578 791 489 855 167 391 891 
937 612 224 748 360 862 334 855 742 742 
893 390 655 389 106 403 995 664 378 652 
933 906 207 240 939 827 789 994 585 861 
722 758 281 673 88 863 681 229 375 350 
103 146 432 970 32 242 884 805 196 382 
298 186 6 941 562 413 547 696 728 31 
772 204 405 547 953 907 458 91 367 72 
351 294 700 283 665 273 356 632 921 517 
725 648 25 366 501 844 682 832 750 18 
656 920 124 501 278 175 447 711 321 133 
158 776 958 79 708 292 88 41 915 562 
821 451 738 282 77 677 405 694 158 765 
604 126 503 721 820 817 897 104 935 300 
138 508 517 767 154 695 850 210 403 787 
683 828 201 795 451 353 684 825 738 314 
935 225 493 295 123 496 420 924 142 767 
3 604 143 796 775 94 117 685 522 616 
685 124 824 243 206 725 945 945 966 309 
534 520 190 124 502 462 289 811 455 877 
229 449 268 613 438 699 145 28 621 343 
929 168 519 270 274 944 835 143 245 787 
479 811 427 874 998 609 582 741 929 22 
387 301 725 335 456 691 62 722 333 875 
975 409 270 70 844 8 810 417 783 227 
766 589 481 141 628 20 966 346 608 732 
35 398 378 253 354 239 488 732 721 602 
104 44 708 827 482 837 902 512 767 623 
895 103 955 242 264 55 221 379 495 423 
601 807 789 122 698 401 600 260 364 482 
798 416 805 184 117 324 169 365 226 943 
377 838 498 611 989 476 40 654 67 559 
46 137 230 248 135 446 295 160 849 507 
575 349 92 935 246 331 633 915 25 762 
467 148 363 440 495 748 57 177 678 18 
782 752 921 316 176 371 659 66 154 921 
551 913 927 752 299 163 855 594 833 731 
62 407 57 29 336 268 815 128 314 371 
827 593 491 85 364 141 848 40 664 240 
715 384 249 957 904 32 922 199 160 923 
943 24 541 5 945 115 117 209 143 506 
101 41 753 26 217 931 349 670 888 155 
719 261 5 306 400 401 978 835 694 695 
186 118 11 57 664 781 370 328 862 306 
494 382 468 746 245 384 78 52 525 840 
555 547 105 187 423 950 954 169 763 885 
721 72 21 62 777 188 13 64 968 41 
585 466 124 600 338 619 759 276 452 0 
896 949 223 461 863 353 923 790 133 839 
728 945 74 115 909 45 460 736 544 482 
212 552 327 620 746 34 737 560 732 893 
32 404 776 938 748 510 295 880 432 341 
989 993 148 74 575 938 275 238 544 883 
698 984 489 155 954 626 629 643 69 561 
892 967 678 927 862 523 409 601 71 425 
716 49 578 320 225 2 842 478 970 334 
870 870 454 559 671 871 901 239 549 470 
296 696 121 231 252 23 466 657 492 587 
852 731 53 630 6 585 445 724 945 983 
89 721 338 633 740 573 547 454 88 618 
603 608 988 402 790 1 395 142 975 861 
754 96 134 841 842 549 820 955 562 665 
857 868 127 745 756 953 229 236 225 450 
321 559 648 587 914 653 998 672 595 945 
160 654 217 710 248 820 11 398 444 963 
366 71 108 797 572 54 8 757 50 227 
150 532 336 505 550 965 748 563 933 894 
265 512 544 58 400 172 248 765 585 898 
138 689 627 444 182 751 297 708 274 840 
955 468 857 801 239 311 953 310 355 62 
903 446 843 509 22 233 384 473 490 686 
597 235 878 957 791 415 565 398 932 447 
808 811 698 359 815 139 350 278 18 803 
607 446 308 79 303 928 65 637 198 203 
434 858 864 35 479 190 713 583 388 286 
89 907 768 474 267 918 394 458 775 587 
457 295 692 233 772 286 736 490 942 519 
23 90 726 701 622 362 205 158 626 741 
254 824 369 110 680 423 251 73 676 686 
595 771 317 364 249 666 349 664 333 25 
157 915 857 502 58 89 110 511 543 442 
421 189 824 522 210 307 733 777 745 656 
80 568 171 646 411 145 868 822 370 830 
720 25 901 789 794 186 917 400 186 358 
844 409 410 994 190 555 872 177 684 414 
777 371 557 127 226 152 535 459 785 610 
202 440 962 103 625 202 661 927 716 63 
548 436 893 228 562 94 704 162 157 281 
767 524 124 918 939 957 109 475 461 32 
85 214 949 320 891 34 878 43 61 975 
143 944 714 557 823 281 886 447 140 326 
472 127 442 262 572 117 101 2 925 4 
36 773 354 891 994 312 733 678 482 780 
533 749 663 443 435 544 716 200 698 764 
294 234 319 473 372 947 705 717 391 248 
64 826 983 65 984 430 629 544 898 479 
989 361 180 582 742 980 179 997 692 343 
36 989 409 396 743 245 782 832 83 574 
442 612 306 107 13 819 907 67 629 14 
466 327 384 245 291 249 405 878 972 438 
91 443 407 311 152 776 903 698 277 41 
168 69 641 96 386 166 682 762 792 898 
805 998 353 384 996 202 419 317 527 328 
687 666 288 553 985 577 63 516 216 884 
965 990 793 970 942 697 984 219 446 712 
22 489 47 385 576 324 349 197 656 671 
738 443 466 731 215 764 532 638 88 268 
945 349 493 805 144 70 136 594 340 877 
395 878 288 961 988 213 963 632 531 473 
249 836 155 245 299 465 348 303 183 344 
798 663 171 774 479 494 528 189 495 907 
823 400 880 273 228 309 656 688 723 397 
732 638 869 203 798 343 392 834 818 180 
288 140 247 172 705 520 161 8 798 33 
245 519 582 560 983 722 249 740 922 992 
14 691 833 610 576 946 674 328 249 507 
736 586 917 541 137 469 759 820 497 453 
28 496 182 705 393 393 161 30 285 490 
874 901 742 757 96 673 236 310 566 95 
92 867 860 529 115 537 992 587 692 491 
676 107 314 272 48 587 970 494 527 837 
486 795 262 736 357 393 748 622 248 304 
170 932 67 476 428 21 201 941 17 639 
319 733 202 59 575 761 423 470 457 587 
59 97 518 899 39 950 210 776 272 997 
312 724 146 556 920 675 243 631 806 275 
683 179 419 322 783 415 264 604 616 928 
645 866 70 773 220 278 374 526 882 297 
996 880 920 695 484 305 324 705 993 423 
579 77 828 387 50 194 947 820 857 956 
156 390 571 380 536 706 234 223 32 849 
772 787 910 27 570 995 358 266 234 584 
593 985 648 200 172 382 212 635 234 472 
616 769 958 489 621 124 344 67 436 617 
718 1000 742 214 708 388 551 493 940 709 
467 131 556 286 795 904 213 12 477 951 
119 831 754 917 85 720 107 919 217 937 
368 470 552 776 860 369 615 341 361 408 
303 386 560 497 741 12 637 885 47 541 
732 594 187 755 188 846 69 47 709 312 
289 653 239 889 33 880 516 580 91 108 
803 100 356 848 785 465 753 651 359 396 
901 558 889 375 597 541 524 998 704 441 
708 687 362 21 59 862 372 602 239 851 
973 337 213 473 43 125 122 572 420 747 
159 376 584 271 11 611 941 656 653 208 
187 629 18 568 766 747 445 416 478 84 
898 141 567 931 242 775 167 453 472 685 
154 605 149 603 410 926 732 787 317 489 
719 674 829 752 765 16 631 230 838 729 
840 585 201 821 455 589 852 897 639 980 
364 469 912 155 664 685 601 385 447 411 
799 202 687 25 843 197 590 680 12 563 
496 854 131 30 313 862 592 298 200 392 
661 417 54 108 825 510 813 482 586 618 
819 544 189 916 384 42 956 195 269 454 
590 160 348 255 741 731 334 855 809 596 
272 157 42 857 356 805 579 55 574 133 
737 395 362 574 31 192 130 510 29 533 
54 822 663 211 170 622 985 588 155 830 
194 333 347 358 878 127 543 534 143 453 
139 719 607 74 946 214 662 963 982 511 
328 296 352 638 805 323 454 901 122 577 
794 41 673 355 535 251 299 855 304 311 
667 830 109 934 984 48 467 211 899 587 
818 748 421 700 555 353 737 184 213 602 
354 922 171 253 84 231 320 495 760 922 
462 292 136 385 627 97 596 889 877 749 
713 512 33 900 587 847 140 920 714 905 
357 235 763 785 613 701 46 894 373 877 
597 925 803 70 927 261 289 308 728 230 
652 146 761 666 677 240 378 704 563 305 
42 311 506 345 337 593 303 835 349 166 
624 525 135 884 156 921 664 247 765 550 
172 595 113 807 499 850 439 291 233 530 
769 910 727 264 546 966 839 689 198 677 
582 372 522 952 302 414 112 826 16 712 
736 122 379 25 526 638 256 642 163 195 
321 626 508 956 404 263 229 228 691 490 
471 814 578 745 941 170 93 601 599 234 
836 606 684 227 904 193 801 919 649 970 
200 905 743 841 982 263 639 157 144 925 
551 426 654 521 522 460 413 260 863 652 
646 438 664 178 1 883 633 855 748 959 
954 277 592 921 895 60 503 704 595 970 
574 204 133 542 945 530 922 534 487 940 
434 802 539 293 909 213 358 465 939 16 
648 510 62 841 726 787 947 555 942 235 
650 847 626 873 567 717 576 16 312 290 
105 583 689 581 15 359 389 566 981 732 
392 306 409 208 989 43 961 575 180 957 
205 330 646 797 436 419 71 481 668 144 
303 677 481 936 581 126 537 869 991 799 
644 391 762 25 535 535 289 727 261 918 
295 320 276 831 545 334 12 258 177 760 
214 823 907 223 69 732 66 867 365 238 
31 267 457 914 669 428 211 181 563 884 
124 789 22 35 556 190 320 603 762 876 
428 962 472 114 561 484 969 479 178 372 
577 322 93 882 22 591 907 909 737 484 
555 441 344 292 401 834 347 68 179 244 
510 702 590 484 737 842 536 410 961 217 
478 71 645 790 183 667 156 543 37 335 
0 335 809 219 542 500 464 717 930 77 
954 830 296 521 149 854 105 239 337 598 
818 143 402 415 257 995 379 378 934 637 
175 909 680 98 910 823 918 633 383 902 
0 354 510 499 712 838 929 671 479 714 
332 783 626 201 458 542 713 768 863 429 
963 292 835 865 414 437 676 178 529 107 
152 767 34 888 704 163 18 610 192 275 
429 51 540 578 779 848 621 616 555 332 
908 743 838 357 650 78 942 468 557 615 
414 317 12 907 444 210 679 906 914 879 
369 662 809 955 470 936 277 172 517 731 
772 228 250 601 821 322 312 202 258 995 
648 449 852 224 937 305 147 13 308 951 
352 851 320 976 537 17 535 534 177 43 
326 274 243 264 496 727 471 685 611 879 
614 658 703 700 473 719 980 262 148 800 
755 146 641 380 228 22 837 748 182 348 
100 821 467 0 379 966 757 365 969 500 
378 1000 67 576 924 421 893 917 185 57 
307 166 724 701 441 162 415 208 793 81 
688 549 892 650 411 806 436 246 618 433 
989 468 90 975 316 723 726 676 876 580 
597 346 265 578 658 119 190 27 11 716 
136 96 434 870 894 937 497 725 283 382 
287 374 437 964 592 293 882 880 833 363 
644 232 921 451 564 159 111 876 286 215 
881 963 486 784 88 158 892 91 871 427 
843 957 728 545 897 852 704 985 782 38 
642 625 652 51 126 634 229 207 128 328 
837 100 588 608 296 838 408 713 142 986 
725 935 660 249 778 513 753 469 128 92 
337 968 869 241 23 351 458 19 88 413 
327 401 788 172 801 987 955 509 945 862 
296 385 923 728 849 638 697 532 590 310 
212 505 859 157 280 541 313 151 943 952 
780 813 878 435 237 491 221 869 29 25 
401 338 499 238 357 571 476 637 0 837 
355 346 172 2 982 557 16 291 547 341 
529 483 648 819 673 847 272 696 47 250 
223 523 386 515 525 330 940 644 241 574 
288 35 679 118 38 629 354 681 422 177 
735 168 950 217 413 604 185 55 321 395 
73 872 786 407 775 431 399 949 154 292 
435 989 247 255 690 861 724 481 754 963 
181 59 587 703 72 720 105 328 995 697 
532 535 489 669 456 366 538 685 816 135 
340 881 437 888 754 296 510 540 528 131 
14 338 690 774 468 759 657 468 866 429 
353 152 234 645 148 126 423 887 627 561 
73 807 371 19 22 282 291 171 782 848 
219 862 983 686 428 822 647 972 371 901 
747 115 522 530 504 619 49 553 813 55 
643 511 462 74 367 901 440 935 770 320 
960 516 241 831 216 869 767 984 306 954 
371 447 31 163 525 815 853 463 17 410 
498 233 35 624 174 344 749 997 147 717 
988 7 315 851 803 837 876 814 881 643 
544 109 908 997 693 317 429 761 456 171 
519 727 514 629 676 522 314 331 444 569 
149 953 22 148 495 13 650 996 270 403 
717 762 988 96 499 782 672 42 221 361 
788 886 406 90 785 528 510 414 90 299 
237 394 721 807 940 4 531 591 168 943 
745 316 112 465 617 325 195 476 998 975 
967 501 689 34 837 510 708 570 761 30 
35 363 175 749 544 150 463 864 354 803 
686 800 242 187 537 515 222 326 199 493 
103 39 940 579 365 516 39 241 880 435 
626 85 414 111 590 761 462 57 637 41 
528 962 612 818 651 438 892 13 974 555 
792 867 531 545 41 927 395 253 229 687 
451 442 414 799 516 49 554 722 217 351 
53 406 763 785 589 947 130 668 557 451 
8 967 537 254 830 899 291 436 573 326 
168 675 784 251 460 397 961 749 790 163 
700 216 410 448 463 958 954 366 780 210 
108 903 159 204 46 994 990 828 263 437 
585 856 168 259 112 154 955 971 280 507 
733 483 571 781 76 655 487 164 825 971 
355 823 356 890 358 240 907 362 381 358 
138 781 481 562 580 899 907 790 386 637 
604 186 251 799 635 484 206 432 482 131 
267 644 10 790 981 765 38 9 890 789 
936 947 125 488 512 665 590 19 673 895 
517 813 756 399 765 535 581 628 510 471 
366 243 326 566 787 398 563 453 220 199 
790 989 266 29 364 834 956 935 178 684 
410 200 900 266 925 252 398 901 855 471 
155 662 142 445 889 325 677 272 141 650 
521 326 46 970 197 975 694 836 963 545 
393 83 883 333 618 807 518 602 535 954 
904 678 883 626 717 581 802 187 873 710 
233 604 363 134 649 780 947 227 63 800 
96 687 239 178 139 863 640 65 968 948 
955 29 721 316 564 164 576 567 606 741 
606 870 688 102 595 593 42 242 831 214 
316 739 910 679 740 233 952 620 395 693 
259 589 271 501 728 267 485 238 87 732 
279 911 405 31 253 921 67 113 75 406 
416 858 22 826 944 768 917 387 808 584 
442 625 112 590 745 928 442 188 182 891 
443 500 515 735 248 569 420 544 382 701 
964 681 432 288 914 518 120 112 780 988 
30 288 258 634 411 85 774 522 412 211 
758 692 128 146 947 738 43 1000 427 405 
931 857 977 388 332 480 131 768 61 604 
99 614 8 948 58 407 913 838 522 788 
384 485 124 557 800 339 127 5 412 398 
812 887 844 857 922 991 109 951 545 918 
42 347 558 241 717 23 350 349 814 542 
391 605 808 153 668 529 573 927 86 995 
862 91 792 132 641 812 959 965 893 347 
330 992 641 425 619 925 322 907 132 247 
436 675 538 889 54 557 595 889 207 822 
311 733 102 618 950 930 921 936 205 591 
30 887 709 657 634 186 678 35 865 941 
668 270 866 250 640 400 738 104 868 696 
497 888 77 547 469 110 622 949 624 114 
67 841 356 1000 792 296 71 338 647 984 
789 120 452 576 778 738 533 19 116 67 
652 613 345 236 545 74 3 901 35 885 
395 572 48 416 922 509 196 797 19 487 
892 597 171 51 437 441 48 39 102 273 
853 488 670 499 532 216 551 980 339 962 
378 511 358 881 918 970 151 156 932 942 
438 352 53 744 480 181 696 284 415 930 
908 23 291 868 160 789 373 745 785 20 
404 922 13 314 635 760 623 148 387 218 
487 590 176 702 845 543 41 8 934 449 
847 172 889 296 270 978 229 998 276 318 
1000 582 81 983 314 669 553 93 597 0 
549 391 149 657 870 370 343 196 270 321 
537 957 181 40 727 311 904 203 950 336 
14 523 107 660 375 690 243 118 158 937 
888 794 644 599 824 933 808 691 198 241 
506 489 780 246 876 955 996 31 892 320 
501 594 111 698 567 444 306 490 657 588 
549 523 115 983 542 626 442 509 395 294 
854 385 727 404 159 897 614 213 499 184 
803 431 304 523 659 233 491 195 306 743 
187 244 611 496 123 904 993 663 831 680 
729 587 225 795 924 399 607 852 201 92 
620 227 197 946 193 414 942 577 498 980 
433 581 293 898 341 598 599 583 440 516 
67 829 310 559 472 764 803 651 970 963 
627 644 22 705 582 625 654 20 149 321 
309 743 696 637 931 976 477 886 242 546 
628 440 918 396 738 454 12 145 884 419 
438 395 310 392 49 758 789 83 887 746 
546 936 303 721 255 521 727 118 587 796 
974 328 520 857 237 473 193 149 985 677 
951 386 959 679 157 273 250 37 891 967 
911 555 284 954 191 569 307 466 883 32 
212 966 620 298 417 378 810 675 392 451 
354 623 240 739 953 910 723 100 751 546 
721 391 518 880 607 733 213 451 670 149 
819 894 949 975 859 354 847 194 246 980 
561 905 90 553 205 143 113 532 852 644 
983 789 124 123 552 734 898 608 54 600 
195 712 901 394 877 399 729 516 790 225 
559 505 717 805 659 651 548 760 959 979 
291 689 106 650 53 364 205 394 843 963 
815 465 536 46 692 950 399 682 93 117 
389 628 82 361 589 249 837 312 530 126 
10 4 934 123 340 18 100 658 566 991 
894 29 876 571 775 922 838 248 657 411 
192 792 978 830 159 813 836 966 755 598 
3 672 190 299 110 279 344 970 482 120 
405 700 740 167 802 857 654 643 4 412 
726 185 933 606 612 952 16 655 614 856 
641 568 430 988 140 402 122 780 532 593 
691 769 65 811 727 972 362 381 999 578 
131 589 32 640 30 303 517 794 949 767 
902 980 267 423 976 555 623 420 892 721 
816 484 49 581 898 383 670 965 998 931 
544 747 839 683 602 465 582 516 584 307 
683 563 462 532 862 567 384 441 510 592 
653 660 422 46 415 166 562 137 587 211 
779 18 445 752 122 455 459 189 413 885 
330 948 211 3 499 552 337 820 859 249 
430 978 34 867 697 323 162 105 264 521 
468 950 337 97 724 52 302 673 628 564 
621 832 890 97 582 365 727 137 136 694 
304 441 966 56 965 675 971 848 225 518 
254 896 487 233 389 756 170 752 636 546 
447 881 133 145 552 713 361 774 354 194 
8 335 684 989 760 137 679 40 799 262 
672 134 547 973 564 281 358 990 873 204 
329 308 940 112 765 320 340 246 933 127 
173 911 112 491 188 707 866 544 812 420 
572 32 635 306 73 478 223 468 302 307 
260 557 690 381 945 527 822 388 904 417 
762 563 721 449 178 41 824 604 228 368 
716 850 119 396 838 427 816 820 162 838 
711 513 579 457 438 992 715 362 677 272 
431 573 335 907 938 227 702 559 51 677 
875 451 697 282 205 941 736 674 61 120 
304 203 897 796 77 755 852 753 32 957 
270 259 752 194 303 841 415 945 587 121 
134 441 541 724 376 498 425 791 388 178 
359 740 916 856 425 948 422 825 997 405 
248 649 653 601 53 452 155 496 161 491 
579 249 110 566 557 147 995 273 756 832 
332 124 18 229 72 217 823 442 417 58 
554 972 73 828 250 66 491 455 73 390 
875 711 853 4 818 415 762 778 920 130 
648 689 265 331 408 465 876 725 338 703 
491 729 587 368 986 963 204 353 254 862 
33 24 577 259 286 965 105 241 698 439 
851 196 631 565 804 41 728 529 90 989 
272 2 600 405 983 617 249 879 466 723 
520 628 228 661 903 75 928 942 714 946 
917 747 232 926 74 632 836 922 791 829 
318 540 827 955 312 918 662 787 448 398 
275 350 798 743 43 995 990 666 888 3 
97 908 532 364 218 108 543 894 231 576 
378 692 494 404 685 299 718 5 792 559 
255 748 675 835 851 410 673 941 950 516 
974 775 705 371 211 510 296 664 443 818 
553 618 883 310 546 189 630 933 595 514 
65 51 117 115 748 398 1 213 43 901 
398 947 988 535 941 662 743 568 847 98 
667 295 651 219 940 875 915 444 1 504 
254 594 835 409 228 596 792 812 474 422 
544 488 628 783 359 110 159 661 929 411 
841 901 984 64 873 151 724 303 935 474 
632 266 549 609 301 528 817 880 216 297 
836 211 447 251 324 393 779 320 855 334 
918 183 921 211 193 595 712 227 747 124 
218 492 456 205 867 329 721 911 801 565 
165 477 822 229 663 546 920 689 67 940 
36 533 869 667 445 146 498 400 517 7 
815 441 821 631 13 946 933 700 129 340 
442 5 314 828 605 108 965 578 709 344 
287 50 815 671 420 504 511 378 780 851 
20 136 168 664 660 100 680 772 405 195 
468 164 981 994 529 958 39 848 169 249 
147 988 469 281 394 154 885 879 36 431 
30 416 170 393 84 706 393 156 571 132 
761 445 682 778 119 669 878 768 513 203 
454 689 149 747 195 606 894 310 347 874 
304 262 436 57 401 551 200 164 87 533 
711 961 59 59 450 99 498 803 737 215 
540 678 586 626 644 242 190 945 883 34 
67 186 357 16 179 703 275 464 143 290 
808 33 710 64 815 634 906 930 233 321 
911 182 882 172 422 138 576 156 1000 717 
122 976 729 591 275 198 884 122 705 130 
57 24 9 300 803 814 698 604 275 621 
838 650 256 323 808 25 776 585 339 99 
118 28 338 876 606 170 25 573 989 191 
575 753 407 101 540 681 920 62 33 787 
214 172 360 533 254 664 557 409 494 948 
648 291 919 515 436 532 264 951 949 718 
735 863 155 457 608 865 575 859 427 347 
484 855 890 851 365 679 676 914 798 257 
676 698 369 141 802 977 263 694 813 95 
682 520 416 908 990 557 652 296 656 818 
64 1 723 662 708 97 62 564 805 702 
899 635 766 676 958 113 664 46 996 172 
501 752 236 878 494 61 212 937 979 820 
414 439 468 130 891 265 847 573 962 764 
491 375 897 243 344 99 784 249 917 635 
124 754 287 416 516 572 71 546 80 208 
763 184 325 255 110 541 412 174 970 18 
57 52 409 13 112 461 266 612 274 845 
423 903 843 935 347 739 464 566 580 316 
794 446 739 260 917 765 76 223 86 467 
159 799 165 410 11 550 91 975 473 350 
488 298 377 991 436 537 332 482 488 402 
693 375 78 927 593 845 0 985 399 199 
671 276 832 502 472 427 996 587 630 9 
934 617 213 350 406 270 586 973 715 189 
747 504 305 941 814 456 205 999 152 793 
777 744 353 829 208 743 480 917 918 605 
543 705 29 640 721 743 856 141 143 971 
577 585 853 481 568 415 810 696 934 393 
945 819 917 603 736 337 394 646 615 66 
489 406 350 778 376 776 946 164 821 714 
140 991 884 724 241 256 993 340 938 525 
25 405 0 584 25 651 71 657 50 381 
916 666 155 270 525 946 625 39 50 712 
287 979 557 28 940 744 79 211 544 672 
956 198 316 618 402 180 648 474 869 415 
871 532 250 862 921 340 250 792 313 619 
165 97 189 767 188 666 362 598 226 78 
105 384 138 745 847 151 222 825 926 702 
289 373 315 128 66 137 267 411 774 612 
545 551 111 435 165 139 644 258 539 288 
600 226 387 917 58 90 41 779 584 732 
68 31 445 869 769 585 593 294 123 710 
574 791 187 82 876 874 787 556 141 240 
647 424 964 149 826 561 126 980 981 172 
432 609 245 228 492 414 673 857 641 110 
62 179 100 245 271 586 273 326 339 851 
667 843 667 561 508 752 476 76 318 372 
61 398 620 318 208 210 392 540 578 871 
805 78 617 647 802 63 61 205 445 437 
46 854 762 408 310 483 234 819 726 563 
915 711 162 560 402 496 293 794 704 321 
431 876 934 833 551 55 450 386 194 95 
153 733 18 652 778 668 865 200 600 680 
622 479 205 292 98 287 384 227 817 452 
36 71 553 682 79 90 211 264 687 713 
388 763 385 675 744 487 967 444 367 119 
741 823 258 369 794 46 508 62 113 307 
779 121 856 111 917 961 577 308 8 532 
904 430 144 590 366 241 103 775 42 156 
118 765 89 773 918 226 195 569 581 178 
365 572 201 771 471 625 801 226 51 543 
362 25 239 28 895 735 483 161 31 293 
982 3 307 134 732 852 514 529 495 484 
48 372 216 405 844 745 529 208 613 630 
485 617 762 621 796 131 642 802 409 278 
173 403 576 177 844 857 179 584 94 6 
756 517 636 79 505 950 478 460 254 420 
529 825 966 756 931 908 369 217 295 959 
45 205 474 761 545 884 440 652 932 449 
482 397 561 690 462 924 308 793 73 254 
546 40 932 329 61 195 852 383 182 83 
579 857 351 257 74 823 794 111 103 832 
770 889 761 452 851 44 388 271 743 901 
322 620 149 234 41 751 932 115 451 160 
337 927 475 270 19 55 996 2 903 121 
778 114 464 279 39 100 974 804 902 643 
927 402 451 865 387 982 958 408 375 857 
213 968 587 1 11 407 11 332 511 151 
623 841 434 149 659 1000 371 245 322 382 
494 123 944 485 69 24 687 783 838 510 
316 988 906 244 926 516 348 624 560 174 
689 925 380 672 779 539 725 868 815 401 
513 441 197 140 221 39 449 579 420 632 
996 678 214 294 571 540 152 266 682 264 
503 14 931 783 915 731 428 543 474 419 
617 42 454 480 380 801 213 282 929 109 
273 441 693 221 158 599 908 339 48 422 
206 3 688 676 990 187 631 211 829 58 
913 485 878 272 91 7 694 138 179 972 
135 384 849 458 847 708 28 191 694 615 
915 902 896 138 797 458 58 888 953 706 
818 292 414 311 166 258 292 579 831 753 
741 663 163 66 289 716 671 117 642 800 
464 911 392 586 728 774 456 365 570 702 
430 272 380 704 439 582 383 531 949 623 
508 363 754 190 807 98 478 612 827 606 
214 327 905 450 974 204 271 427 559 613 
766 948 566 762 970 164 402 1000 287 136 
126 138 630 434 582 401 989 296 527 737 
980 392 114 951 336 999 863 283 168 52 
387 261 735 123 535 968 731 793 297 591 
244 646 598 419 385 824 5 298 626 648 
510 172 880 857 142 463 486 463 684 400 
148 345 810 285 74 859 174 583 887 458 
842 596 428 934 418 645 987 401 729 173 
832 654 577 477 830 857 650 293 866 458 
73 84 221 217 728 319 786 261 250 47 
558 726 871 446 932 902 346 646 178 307 
11 238 721 756 150 293 447 944 356 909 
894 228 353 358 809 254 912 61 106 931 
437 206 783 557 686 341 235 359 917 158 
709 183 279 795 625 895 731 498 822 247 
599 445 487 400 19 151 360 815 866 963 
569 972 59 243 544 53 219 373 230 911 
223 27 552 978 468 265 906 761 489 668 
738 578 445 401 460 985 523 333 270 706 
446 742 382 837 688 33 245 745 730 699 
742 698 875 809 413 89 428 710 430 478 
839 391 895 113 378 22 945 451 650 805 
541 979 289 719 133 170 422 322 509 739 
40 734 505 4 968 19 231 172 512 345 
458 76 339 970 434 933 327 301 449 540 
894 659 882 613 987 584 550 693 648 478 
723 982 70 852 225 166 400 564 231 133 
793 770 440 998 120 516 697 967 34 195 
798 796 8 144 325 597 160 913 988 808 
937 201 54 681 730 724 59 968 730 255 
318 538 33 835 851 236 645 960 122 26 
969 74 159 250 447 889 511 622 887 889 
526 0 108 448 768 428 768 779 106 644 
300 976 857 851 556 347 64 216 113 691 
235 945 88 4 576 283 405 910 494 786 
643 72 528 732 532 845 927 137 949 448 
562 518 905 716 550 832 551 350 135 438 
95 210 846 34 888 32 201 318 147 30 
907 577 134 617 689 116 871 74 689 825 
872 80 100 37 727 630 106 695 877 793 
919 578 706 915 717 802 356 772 724 245 
25 636 947 898 109 918 595 885 238 919 
258 718 460 327 557 264 747 876 222 669 
777 355 384 882 2 69 996 283 416 199 
514 441 218 210 498 428 682 223 866 657 
416 34 392 242 753 897 577 625 252 425 
357 146 711 86 614 704 550 909 800 805 
395 400 389 824 572 839 541 563 307 783 
432 561 768 698 257 785 538 80 662 648 
673 561 985 862 480 947 52 22 518 82 
401 651 523 971 280 200 451 311 222 90 
831 571 58 270 546 898 495 785 976 30 
182 501 906 728 91 576 302 619 588 825 
942 609 662 184 625 652 210 259 782 540 
453 205 796 522 952 521 278 471 675 152 
893 980 930 751 959 166 843 867 894 389 
505 132 282 941 757 776 59 516 927 555 
253 549 167 645 577 682 210 432 523 210 
571 633 719 876 421 142 90 181 423 743 
713 756 126 124 384 244 504 111 401 894 
92 752 81 462 488 92 33 771 535 471 
655 766 482 644 373 607 648 771 644 603 
425 40 216 886 159 85 803 923 486 241 
434 764 885 2 732 334 483 526 360 900 
845 750 929 312 486 908 486 152 53 19 
852 94 414 270 368 155 655 796 9 604 
677 456 749 454 704 830 408 781 281 251 
130 319 906 195 425 915 592 707 45 646 
407 529 630 817 279 623 760 954 991 8 
635 826 630 387 557 787 676 990 44 557 
941 16 879 394 293 608 347 271 933 484 
68 677 523 613 188 710 899 677 598 178 
913 518 294 337 646 525 588 765 399 442 
391 546 523 883 162 225 634 569 653 263 
515 747 604 176 502 318 877 813 218 768 
541 595 385 599 912 564 633 194 814 323 
895 538 798 600 70 658 158 24 115 939 
684 537 789 81 787 177 576 948 609 439 
570 241 413 290 95 913 251 763 513 362 
858 391 252 550 193 515 629 981 221 711 
683 293 243 441 241 961 51 541 89 734 
275 401 469 677 204 586 558 311 308 728 
383 948 89 558 693 807 76 992 421 382 
732 996 858 704 4 793 422 543 468 229 
88 698 915 907 656 198 578 693 251 331 
688 178 904 575 806 883 591 613 295 424 
359 592 363 679 863 688 135 34 985 449 
648 181 742 430 621 377 550 554 832 799 
491 831 169 246 460 794 594 794 436 950 
931 362 858 601 491 714 700 897 319 628 
104 148 366 354 980 559 149 787 396 582 
20 578 818 685 929 34 15 472 812 646 
278 717 802 353 87 663 957 212 975 892 
616 841 43 520 985 735 589 492 707 662 
123 744 645 723 887 30 250 26 25 658 
799 154 894 66 867 390 114 32 252 763 
680 422 334 298 24 289 218 669 739 199 
677 938 392 126 33 459 554 702 300 263 
591 569 691 17 993 902 763 774 271 140 
778 934 569 492 124 631 561 89 464 256 
820 591 148 161 552 59 352 415 18 987 
1000 773 222 785 342 717 736 980 247 228 
555 784 283 915 801 697 396 559 473 8 
16 516 261 168 215 700 484 575 699 480 
610 594 178 674 436 669 957 989 909 521 
321 135 186 833 138 522 27 267 337 175 
612 380 607 924 807 259 629 293 831 936 
454 390 704 157 147 157 983 816 441 370 
956 25 253 221 815 882 962 784 726 997 
634 962 774 903 525 26 216 4 832 14 
251 259 860 766 309 709 694 127 443 285 
204 667 749 580 743 145 478 504 521 127 
929 662 199 229 809 169 302 654 144 522 
495 315 304 974 223 726 757 170 831 730 
821 791 12 794 137 922 745 316 473 507 
383 919 489 760 892 834 309 741 970 149 
968 610 56 121 497 423 843 572 990 427 
392 88 678 569 774 228 447 698 929 294 
574 572 925 212 666 300 474 480 546 404 
957 726 96 703 305 153 131 255 617 963 
808 91 718 71 102 381 3 848 101 471 
375 418 162 514 1000 855 412 996 260 976 
613 213 945 55 168 123 109 448 71 949 
520 173 938 108 19 951 695 882 355 296 
843 678 765 189 630 526 896 187 894 928 
545 542 443 464 906 934 241 827 124 426 
83 44 483 512 837 575 528 23 521 738 
837 951 572 580 135 93 701 988 940 881 
387 668 862 318 475 397 24 14 213 983 
95 221 725 982 488 164 151 547 720 368 
161 259 875 902 703 479 867 175 22 307 
410 414 67 220 959 130 749 446 94 834 
141 348 610 189 621 13 482 707 224 147 
378 769 757 636 348 73 424 367 716 844 
123 55 249 792 148 808 603 320 332 351 
203 91 233 877 833 587 631 437 809 818 
427 362 901 947 877 761 571 94 502 394 
841 500 49 569 131 372 660 883 236 593 
253 135 955 652 769 944 528 431 462 268 
286 676 437 894 224 652 415 342 75 960 
508 154 38 56 275 536 985 126 477 885 
421 472 77 424 135 662 770 819 523 306 
706 10 822 917 201 463 662 513 379 159 
961 507 530 172 423 95 981 376 688 198 
166 777 640 545 911 140 931 238 565 848 
930 273 887 253 892 616 230 582 908 905 
537 53 280 828 671 361 393 582 999 592 
541 974 730 384 202 610 743 625 639 951 
373 162 346 952 434 362 803 30 183 596 
885 729 55 62 522 356 970 668 278 213 
361 459 219 487 619 389 215 938 288 462 
579 121 231 416 579 698 79 237 40 757 
184 511 132 68 449 845 534 575 803 646 
506 357 191 911 801 533 713 330 483 500 
781 777 397 531 535 444 353 285 24 833 
3 51 414 792 50 892 208 759 817 96 
776 805 598 424 366 683 53 575 363 45 
948 163 894 334 494 691 188 933 214 976 
204 308 694 785 749 858 739 562 50 29 
440 494 329 572 136 474 597 209 96 317 
987 333 592 3 61 180 476 714 650 176 
916 235 179 475 624 240 675 552 252 704 
83 636 634 786 219 757 512 718 732 839 
793 737 967 844 341 581 851 710 559 26 
828 154 513 397 50 700 915 100 935 534 
451 264 814 498 761 83 409 671 997 863 
954 876 890 146 966 645 206 884 290 406 
12 990 794 531 390 965 314 444 920 517 
82 590 403 850 88 417 963 133 373 77 
769 424 336 574 518 245 298 85 802 919 
454 877 546 308 194 753 574 243 568 85 
567 647 823 838 1 853 923 686 51 678 
649 330 261 891 240 558 657 59 623 429 
336 742 633 560 888 15 9 293 405 225 
784 901 564 136 583 477 235 676 600 359 
598 951 736 955 917 704 358 964 271 865 
274 64 987 818 302 171 386 492 398 776 
282 504 976 294 975 1000 793 912 721 614 
424 682 182 202 775 181 808 995 749 864 
339 700 808 216 576 986 360 993 114 360 
759 768 141 818 812 388 527 511 155 931 
904 239 334 92 717 181 188 639 978 621 
318 495 557 920 952 888 37 454 321 742 
921 415 142 691 705 859 767 695 533 116 
564 266 123 694 283 978 819 410 804 590 
718 644 485 583 379 901 868 706 395 296 
319 508 504 199 988 956 318 406 390 34 
669 809 762 149 445 68 758 41 503 514 
530 93 18 556 779 197 290 467 265 247 
83 384 57 660 159 774 902 176 536 861 
111 586 382 756 890 918 420 857 930 249 
856 244 939 966 979 124 388 229 716 851 
290 377 851 133 658 748 134 203 969 98 
316 900 914 176 461 94 402 480 685 195 
238 904 706 111 901 339 290 120 776 934 
694 379 274 332 5 38 300 56 661 78 
62 768 415 906 561 40 702 896 378 131 
183 98 153 807 674 394 213 572 70 902 
893 252 278 69 623 204 720 978 599 246 
239 155 732 768 395 729 615 173 422 367 
149 452 777 6 606 672 660 760 543 881 
477 961 432 51 535 743 980 680 720 689 
770 239 713 17 186 801 214 877 996 10 
841 307 95 270 707 182 193 850 735 264 
540 750 270 626 613 902 203 561 581 357 
683 605 625 209 767 928 926 707 659 693 
731 636 308 955 427 525 881 426 460 411 
689 892 615 198 464 284 931 80 873 475 
421 76 164 650 586 55 4 950 922 528 
55 131 546 765 245 922 923 141 583 332 
785 824 364 687 263 267 90 652 128 739 
423 254 495 757 607 13 648 106 801 937 
469 624 974 148 408 559 14 772 652 258 
696 613 267 534 733 825 493 476 509 435 
207 675 2 498 719 870 118 717 254 94 
822 494 254 285 595 822 317 845 723 219 
487 234 391 451 851 524 432 46 296 318 
902 580 895 577 415 547 198 623 27 397 
106 671 342 417 259 876 616 327 20 162 
54 638 143 235 909 370 509 250 762 866 
117 40 542 194 151 321 112 200 631 959 
894 270 388 348 804 180 885 689 115 342 
847 281 690 607 880 610 950 825 808 846 
128 149 835 90 116 236 661 533 698 48 
253 185 60 228 748 577 820 515 289 802 
581 605 302 485 170 687 374 532 740 232 
560 933 631 462 447 829 108 414 763 274 
694 143 827 949 756 499 54 881 573 429 
873 723 968 359 532 388 968 897 677 50 
845 491 622 185 724 185 711 924 144 65 
750 127 604 894 198 763 186 144 282 286 
407 164 816 489 767 736 125 72 659 455 
721 863 760 416 367 407 721 538 346 462 
901 567 818 344 114 994 835 125 706 727 
656 874 130 809 547 712 889 242 840 205 
572 977 738 33 635 561 646 277 45 447 
263 587 413 953 865 173 998 953 480 945 
695 811 605 23 681 403 399 90 57 38 
724 102 204 382 565 448 282 821 174 928 
258 726 739 250 781 301 630 299 495 760 
161 248 505 25 365 908 327 242 758 626 
600 630 47 71 900 61 214 37 739 419 
246 813 302 72 161 793 307 697 601 414 
341 747 785 512 789 959 845 252 169 960 
914 989 39 259 454 782 360 262 816 454 
118 750 357 475 37 167 794 634 539 903 
492 565 988 191 226 126 918 845 535 477 
173 588 566 142 521 804 613 219 501 595 
433 738 486 139 451 365 331 357 803 254 
141 446 24 807 432 58 29 391 92 160 
285 568 715 791 668 194 697 60 790 836 
919 521 472 494 29 1 609 964 33 352 
230 752 453 864 212 788 321 481 114 568 
445 705 289 179 780 67 882 182 656 618 
837 881 980 961 747 473 19 766 592 861 
433 902 609 527 83 702 716 386 549 69 
638 567 74 963 860 781 626 511 647 951 
756 416 486 228 91 747 829 431 881 193 
694 692 217 313 903 792 436 23 544 995 
550 646 113 422 623 364 779 555 127 149 
451 495 539 654 688 423 672 88 887 212 
334 473 417 96 302 526 645 497 965 768 
199 777 319 122 438 426 163 493 386 508 
886 782 22 2 59 801 243 879 111 128 
357 280 240 78 98 462 392 378 88 860 
208 457 732 241 307 178 317 440 769 663 
309 264 856 297 656 909 374 230 314 536 
704 916 35 864 575 486 652 306 942 808 
380 927 225 982 758 513 494 640 245 65 
945 826 844 728 770 891 73 804 612 197 
953 603 16 900 448 853 523 814 180 741 
85 903 158 38 526 604 473 522 532 101 
935 717 435 160 63 393 568 146 266 898 
965 923 23 519 65 692 957 233 913 81 
573 830 129 848 393 722 399 75 470 950 
596 869 698 694 432 987 591 354 515 226 
781 399 875 367 453 921 642 689 519 880 
151 20 798 1000 926 655 950 94 576 933 
9 45 881 772 425 464 69 201 995 406 
771 32 162 224 459 211 950 151 345 840 
669 968 144 186 105 210 799 410 496 391 
830 808 34 574 988 432 133 330 559 297 
488 566 789 846 138 21 963 151 762 219 
255 606 908 61 758 71 623 483 455 609 
108 693 675 465 621 925 848 954 659 228 
8 18 855 980 30 319 792 47 605 223 
190 919 200 314 285 39 894 628 482 335 
660 84 768 775 864 546 180 683 360 62 
896 295 392 395 749 86 889 338 737 436 
402 450 216 332 390 428 140 474 813 303 
781 492 202 715 865 712 815 109 484 818 
714 987 203 886 148 645 168 495 613 773 
799 95 340 988 763 489 548 478 530 303 
743 725 562 64 873 647 210 735 312 741 
429 470 897 614 433 584 997 427 355 877 
58 864 234 768 559 365 560 244 947 747 
907 952 211 287 146 830 413 232 831 853 
970 588 946 79 585 250 259 640 852 548 
723 413 75 426 94 170 649 810 69 477 
648 993 561 65 421 688 31 909 307 2 
319 966 278 599 184 315 907 575 377 367 
416 53 832 811 844 690 326 72 95 477 
997 511 941 477 621 547 208 61 144 546 
969 280 78 801 965 992 373 731 416 422 
240 860 159 322 463 81 164 104 119 304 
624 511 700 309 378 854 816 482 260 678 
112 667 510 78 271 907 149 850 578 638 
283 614 111 596 3 32 49 835 178 864 
753 550 76 620 976 120 380 470 868 925 
775 623 127 470 130 698 333 53 456 479 
123 904 901 305 728 679 159 785 825 407 
249 689 136 592 403 654 571 290 541 125 
746 666 609 738 60 478 116 612 895 714 
347 122 401 657 161 314 452 345 872 4 
466 559 588 356 880 276 201 146 550 758 
476 11 353 291 924 696 708 943 519 821 
507 170 510 683 620 724 415 791 344 477 
39 962 639 582 584 6 100 20 836 171 
52 859 914 197 819 549 820 941 268 158 
287 580 79 943 400 249 183 161 907 810 
612 570 822 990 466 258 574 575 787 714 
614 545 241 128 816 439 338 772 440 929 
368 673 934 431 576 523 424 630 172 774 
914 841 478 454 931 583 839 388 764 795 
345 387 579 506 23 190 709 923 97 761 
444 234 605 408 653 687 661 126 300 245 
438 727 62 361 107 609 646 323 585 859 
522 218 239 525 809 28 864 693 283 562 
55 426 979 645 873 759 43 376 747 306 
600 853 821 822 171 57 632 271 486 601 
754 913 442 371 990 213 464 329 153 986 
614 779 327 793 61 121 131 137 526 406 
468 164 209 249 806 266 362 528 254 96 
379 315 793 784 852 152 460 548 526 835 
992 974 70 819 533 85 183 511 414 18 
191 741 247 144 383 674 697 573 73 367 
435 715 191 221 592 619 396 891 156 646 
581 282 38 853 570 95 499 338 387 909 
140 992 448 620 190 883 179 559 384 163 
898 590 474 684 581 717 569 311 993 966 
561 837 128 962 945 681 515 773 619 911 
17 678 181 471 546 866 100 324 853 956 
400 107 156 125 626 936 551 196 722 531 
709 171 393 771 800 471 166 247 972 827 
331 538 501 598 404 528 111 503 272 512 
950 272 638 666 593 804 393 111 748 154 
546 978 853 316 90 788 785 863 956 800 
577 808 966 760 105 742 37 581 447 123 
547 101 737 988 825 863 363 723 433 817 
102 317 544 917 300 36 264 427 245 363 
62 458 120 545 303 171 797 612 446 416 
508 633 555 19 814 412 890 794 295 738 
230 18 370 443 598 542 947 471 1 651 
551 413 449 318 762 88 130 522 146 667 
558 448 258 779 427 236 195 769 620 905 
280 457 954 825 760 9 625 547 337 982 
228 221 741 433 787 331 816 989 426 885 
128 526 559 934 317 645 942 503 650 312 
837 508 18 376 56 543 568 862 25 689 
786 663 279 569 715 757 751 89 205 794 
858 331 794 277 860 345 625 93 134 70 
750 914 0 691 504 294 996 910 116 907 
100 537 531 128 554 334 434 291 622 327 
278 47 671 706 530 87 232 708 830 636 
31 679 177 686 194 602 501 467 546 740 
613 698 411 930 538 551 211 859 856 495 
685 477 743 991 268 742 981 574 557 994 
249 550 468 909 288 922 988 882 418 901 
754 366 258 597 581 141 707 283 571 306 
393 551 721 548 963 941 280 190 833 205 
397 124 938 289 486 809 594 543 607 960 
51 997 799 885 719 294 726 298 123 730 
167 455 900 314 891 607 158 571 603 861 
437 835 981 942 467 351 358 251 913 850 
680 941 16 246 47 36 155 739 477 822 
403 733 352 926 703 902 260 573 947 256 
34 396 606 643 315 774 840 53 195 893 
989 943 898 599 816 303 699 740 791 365 
721 23 476 274 951 618 330 15 646 864 
334 591 15 847 1000 152 985 453 10 561 
941 17 887 742 337 792 457 240 456 252 
312 960 985 438 137 153 55 625 663 959 
625 943 590 458 344 190 931 164 360 152 
178 104 876 894 749 849 64 153 226 951 
959 461 296 965 730 70 730 927 47 324 
851 608 959 746 723 886 96 650 284 864 
388 205 360 684 514 629 847 533 503 890 
802 973 240 951 77 122 256 153 157 939 
518 835 971 568 402 221 146 148 428 208 
186 927 616 509 596 135 6 396 444 104 
61 314 40 763 948 258 551 334 602 349 
703 341 653 825 990 184 161 62 489 799 
817 733 457 310 5 781 278 276 314 313 
291 861 619 28 345 332 487 86 140 385 
685 856 323 264 515 527 689 357 346 331 
817 797 872 99 285 690 17 459 408 958 
894 291 907 595 717 224 21 224 889 767 
512 576 111 337 306 742 624 635 365 999 
540 20 851 573 898 133 759 871 416 526 
153 510 698 863 111 510 923 945 583 716 
496 138 855 384 393 913 320 882 297 109 
112 262 596 76 903 22 961 408 311 147 
654 601 236 645 522 662 819 225 214 767 
747 292 458 76 759 798 281 516 357 769 
971 868 310 285 230 953 895 763 601 555 
116 812 216 194 854 484 143 266 613 908 
909 286 306 106 984 270 33 679 58 980 
617 24 523 439 125 930 481 248 768 997 
771 732 210 435 378 986 984 920 394 243 
879 621 854 424 755 22 904 732 823 556 
639 840 971 912 102 761 119 564 471 180 
839 249 559 134 130 471 778 341 365 639 
516 690 349 120 377 367 420 13 718 89 
420 857 6 982 604 48 266 549 462 704 
830 762 386 809 902 687 42 922 94 950 
862 306 296 846 753 332 144 718 650 777 
176 302 781 782 766 18 457 583 409 404 
140 757 418 894 791 570 487 684 537 645 
441 361 425 671 224 956 533 957 817 364 
579 633 640 411 262 376 736 219 703 189 
28 828 743 876 306 532 153 335 859 913 
137 569 759 671 829 572 841 276 326 0 
26 228 644 76 443 605 209 897 948 682 
631 632 659 185 411 120 700 626 609 235 
404 137 417 236 572 867 621 341 407 744 
716 195 533 150 151 8 421 868 704 961 
624 604 657 278 426 897 195 515 636 834 
348 828 634 188 351 184 136 848 914 661 
154 989 54 29 980 328 502 718 64 117 
772 372 708 659 483 575 802 805 434 733 
785 143 964 998 568 736 744 103 978 124 
321 856 237 782 426 149 569 34 12 358 
970 824 435 217 603 61 181 178 521 83 
471 565 337 577 24 632 97 669 596 622 
24 792 118 214 949 160 193 278 917 522 
316 334 400 671 394 763 162 602 951 407 
148 602 443 510 221 213 831 80 237 695 
437 391 596 967 169 276 193 577 548 46 
294 436 284 137 905 452 312 497 570 986 
334 208 740 247 899 136 788 579 14 166 
190 773 562 651 927 640 137 662 913 423 
855 273 525 411 222 51 115 943 796 488 
714 348 817 918 14 935 161 708 608 968 
467 370 998 693 824 8 215 689 475 442 
904 594 953 372 176 85 425 8 153 180 
163 741 670 421 703 970 355 545 762 759 
879 376 663 940 539 570 948 781 218 842 
552 34 462 171 229 681 718 636 15 649 
589 448 653 261 385 155 331 962 817 37 
920 374 705 746 59 105 125 548 782 874 
381 192 10 9 21 931 648 926 903 244 
747 197 333 308 183 110 308 296 1 515 
632 484 785 973 161 510 219 990 968 282 
169 428 185 978 640 836 146 895 28 356 
33 474 719 849 66 494 971 479 218 524 
948 622 731 39 733 555 153 758 236 153 
389 623 662 242 510 347 792 362 389 478 
110 101 303 51 580 65 438 154 968 753 
382 824 409 886 154 388 491 524 654 12 
951 300 796 990 295 588 661 641 793 935 
935 121 487 663 243 461 730 846 148 331 
26 45 78 900 958 708 390 186 787 832 
978 11 558 236 798 658 106 103 648 591 
412 182 525 687 880 939 944 972 92 415 
67 347 815 514 206 270 566 49 982 682 
982 627 600 401 537 225 431 809 362 157 
139 169 96 735 840 353 793 678 69 759 
94 992 175 568 274 980 341 336 912 764 
776 634 909 820 464 131 738 119 461 636 
609 664 802 595 355 70 320 259 828 553 
889 154 234 974 91 686 89 931 728 443 
205 426 278 578 6 7 975 76 31 365 
442 375 150 307 26 373 290 843 369 860 
165 357 167 627 637 100 558 550 63 89 
477 49 710 959 544 751 519 867 957 895 
116 928 663 157 555 519 98 186 418 29 
535 448 290 891 522 492 12 687 828 573 
751 24 710 376 851 530 688 757 580 804 
541 783 793 395 828 101 830 174 457 666 
879 697 920 74 137 278 991 873 704 803 
624 930 765 430 514 612 113 11 901 524 
777 941 680 125 344 175 257 457 8 191 
409 928 247 927 873 839 634 219 705 582 
974 452 314 178 323 592 930 593 750 26 
913 209 40 350 60 471 290 155 414 891 
98 8 453 81 796 87 69 302 27 882 
411 545 685 869 108 125 722 53 911 663 
819 547 851 633 474 936 898 630 946 616 
970 621 599 488 283 646 604 67 480 179 
706 510 197 656 395 714 328 961 120 398 
518 10 723 536 140 590 299 92 571 363 
885 782 347 308 601 874 354 180 190 389 
205 758 967 754 954 687 741 173 223 885 
5 312 418 874 912 862 940 387 484 716 
517 153 914 671 488 383 697 94 729 645 
370 880 559 390 323 470 598 673 783 108 
195 287 447 994 313 911 801 222 19 388 
508 218 209 520 328 743 25 995 156 168 
228 846 800 781 967 318 314 100 181 968 
343 406 923 133 730 602 419 128 310 511 
943 962 493 191 17 701 740 643 448 637 
843 774 678 532 966 23 93 168 636 217 
917 948 599 694 822 494 293 755 971 145 
371 820 622 814 774 179 48 513 919 950 
444 73 779 26 286 793 958 639 953 342 
601 100 91 662 986 573 508 691 590 294 
83 854 990 776 691 104 533 213 277 961 
854 779 227 241 526 909 786 272 890 469 
237 458 316 18 737 404 739 582 801 351 
129 790 858 636 897 240 879 882 354 27 
355 78 704 258 203 87 372 445 209 446 
428 121 399 440 791 235 37 580 117 313 
736 971 945 82 863 518 824 857 912 289 
255 873 977 471 189 399 467 454 242 755 
331 30 675 595 884 287 773 805 569 736 
206 630 667 659 625 343 768 593 983 513 
394 316 223 463 207 5 97 49 318 806 
211 770 196 371 269 124 107 653 684 555 
515 436 10 726 512 297 577 766 349 127 
174 111 525 269 681 237 952 272 706 183 
395 651 30 448 721 975 199 966 899 389 
562 451 163 124 582 539 331 489 665 641 
134 242 557 547 413 0 661 407 761 956 
71 954 982 80 178 665 899 231 194 849 
825 688 721 708 382 320 991 675 293 2 
632 366 307 388 438 481 16 309 255 50 
821 534 180 8 746 10 154 653 398 61 
39 897 847 262 138 825 471 627 155 82 
248 551 672 217 47 272 19 607 721 581 
426 129 856 501 785 201 617 182 84 136 
999 65 206 608 471 806 156 819 729 457 
2 0 482 827 458 755 206 536 405 879 
647 591 750 309 981 673 580 457 75 293 
172 862 102 749 528 220 375 120 971 144 
732 665 860 360 384 111 261 291 548 716 
414 227 593 696 494 424 124 96 383 891 
494 433 62 277 234 162 195 857 600 279 
157 980 14 662 384 680 59 450 453 310 
505 340 800 5 153 358 853 952 907 206 
931 879 63 367 926 62 168 11 116 627 
171 626 513 885 134 643 321 177 544 374 
236 940 180 474 968 468 24 568 389 137 
617 278 398 799 455 626 974 517 201 728 
344 149 95 264 305 903 17 260 893 20 
202 457 761 76 177 226 720 738 252 93 
846 444 987 645 607 58 684 315 928 22 
175 142 284 887 808 996 935 37 278 829 
808 145 801 247 328 248 514 810 108 742 
903 309 392 184 892 929 17 252 544 646 
163 208 219 681 253 643 306 897 987 399 
133 553 462 761 0 790 816 745 834 990 
19 12 806 133 488 630 844 258 738 979 
728 874 952 417 311 606 52 661 93 748 
100 802 605 575 267 287 670 16 37 256 
395 960 542 841 528 744 706 304 416 109 
158 959 579 357 818 652 533 402 201 343 
377 315 672 41 928 724 869 185 921 620 
405 871 571 139 219 761 551 67 712 300 
773 57 200 94 676 75 270 823 721 65 
119 645 598 792 142 305 631 741 42 153 
379 817 215 480 771 775 730 615 740 732 
208 228 123 929 677 478 384 990 317 458 
782 753 421 933 605 194 528 183 515 699 
400 137 984 578 852 555 156 460 730 874 
276 890 418 432 596 93 944 628 213 535 
332 900 645 326 840 216 773 645 744 827 
230 924 69 411 895 842 685 177 21 632 
816 841 726 967 460 906 415 916 363 211 
762 185 515 632 46 364 822 695 382 644 
477 154 583 37 820 220 531 405 368 822 
268 816 59 48 162 101 710 545 879 281 
128 624 563 242 529 709 996 895 130 973 
946 293 99 59 780 103 132 426 962 967 
426 94 938 468 948 54 370 154 228 513 
117 969 754 266 184 688 725 564 404 357 
115 47 563 273 270 432 373 811 593 651 
794 781 397 593 141 872 671 296 252 776 
697 531 556 479 306 705 705 557 789 50 
97 454 753 681 904 322 46 794 145 176 
829 937 42 809 969 581 664 467 355 648 
777 511 655 213 326 643 451 738 756 83 
668 962 506 926 142 380 10 150 841 68 
481 643 225 312 500 755 45 696 730 812 
796 177 971 201 793 558 447 605 19 39 
387 677 52 73 282 895 299 206 491 247 
871 27 434 232 742 857 142 192 737 488 
65 83 523 782 840 164 383 255 276 188 
228 807 674 647 241 828 293 215 11 362 
743 809 777 180 369 269 641 759 605 731 
346 520 123 455 133 156 37 98 149 528 
652 731 203 572 736 93 395 775 162 321 
627 614 663 105 278 729 517 377 181 182 
894 432 904 750 209 495 109 952 604 192 
430 644 586 679 820 958 901 381 240 330 
488 302 271 246 11 428 826 746 876 587 
291 421 501 807 464 800 553 505 751 130 
68 964 867 345 226 731 566 136 426 770 
115 309 828 93 5 89 472 12 363 940 
720 480 512 875 985 817 724 813 886 25 
515 576 620 247 611 396 658 967 486 686 
299 257 349 154 390 670 34 850 604 383 
355 484 92 373 4 152 71 776 561 728 
658 588 393 803 883 587 659 535 40 678 
142 843 586 270 556 92 71 588 844 742 
112 530 40 309 405 156 741 922 958 495 
711 139 311 970 475 572 526 538 491 677 
531 277 31 318 695 482 400 142 458 276 
854 496 77 885 799 122 573 630 697 965 
508 459 711 279 642 512 841 743 471 624 
764 831 677 501 278 728 287 329 39 891 
17 938 541 676 366 444 617 899 514 729 
754 829 861 806 502 958 741 20 337 795 
626 818 591 205 295 244 454 429 553 814 
829 350 159 334 697 909 593 64 415 569 
685 693 67 589 967 783 296 171 458 289 
995 58 695 737 907 782 520 299 202 988 
442 140 606 145 666 879 680 336 737 293 
624 397 153 610 612 690 192 939 28 56 
322 872 876 835 490 527 322 313 165 426 
255 193 262 441 398 365 186 378 660 379 
930 773 646 955 176 737 252 200 953 338 
841 268 597 489 775 394 724 850 604 872 
354 83 994 785 994 843 719 910 65 168 
861 492 738 919 229 387 985 184 18 981 
718 105 700 320 72 83 344 923 755 481 
583 122 366 801 490 954 827 388 806 134 
218 972 169 55 851 814 513 891 92 177 
959 819 341 544 489 839 950 401 114 977 
887 685 969 145 299 693 548 867 729 266 
544 877 11 751 674 976 323 214 607 646 
418 958 523 781 707 433 797 50 610 629 
517 263 332 0 926 374 500 820 848 119 
755 230 19 129 679 615 404 261 340 833 
890 423 400 500 508 672 605 744 305 735 
437 245 567 313 403 550 316 930 14 317 
392 675 316 888 46 299 436 167 545 752 
881 839 575 637 539 736 3 268 999 905 
126 347 113 532 273 711 909 303 232 600 
132 749 66 186 979 107 656 569 578 915 
96 157 373 226 811 141 610 650 442 962 
233 281 355 425 893 246 146 841 324 792 
980 997 410 946 562 194 198 737 944 799 
270 184 451 91 193 496 284 963 626 793 
717 625 232 408 327 897 972 853 967 334 
315 237 110 960 630 112 724 867 133 73 
397 191 186 32 805 310 294 110 524 213 
553 631 97 68 182 302 475 706 985 544 
604 718 344 287 141 608 622 970 816 683 
241 256 511 746 224 904 790 589 595 733 
850 707 293 201 149 921 825 905 680 819 
65 577 374 864 630 763 99 639 109 643 
422 197 943 788 362 8 582 554 109 266 
271 320 952 478 371 295 673 957 760 55 
435 342 870 190 836 235 109 739 805 42 
330 864 735 137 709 679 687 912 324 73 
928 868 840 65 190 38 317 365 702 862 
525 939 497 678 20 209 147 789 389 527 
156 295 910 261 562 508 800 331 914 163 
307 307 174 804 311 362 207 500 237 307 
107 742 301 160 382 794 658 520 838 673 
664 778 158 420 515 10 403 555 754 356 
175 80 330 899 992 821 347 379 742 710 
167 679 687 215 614 653 466 247 340 504 
612 346 713 640 84 393 767 41 932 136 
610 593 185 220 76 1 342 994 622 114 
590 193 806 632 776 491 516 201 642 83 
907 304 336 346 360 30 13 930 922 776 
730 170 243 974 255 852 257 268 435 96 
467 145 528 577 294 210 76 333 381 74 
270 772 48 838 679 7 734 888 794 333 
198 408 316 414 147 769 182 418 62 756 
542 891 856 630 713 412 377 45 975 327 
944 700 74 740 862 414 686 992 156 612 
325 17 42 870 599 258 782 725 415 337 
636 722 880 251 464 902 24 108 202 350 
376 484 23 428 12 481 427 163 181 765 
707 421 337 940 698 407 315 295 748 217 
327 325 659 339 488 751 865 129 126 421 
668 766 840 69 283 489 99 689 412 613 
178 39 918 260 547 15 673 644 964 522 
2 758 703 500 742 757 935 320 182 453 
76 824 341 813 732 466 730 426 750 624 
199 464 942 703 80 573 561 289 722 222 
346 565 193 964 91 487 237 236 482 661 
176 199 50 566 59 123 923 809 169 736 
831 560 14 822 401 779 387 450 156 791 
110 853 599 362 742 740 131 764 78 97 
25 816 115 203 918 719 117 588 270 481 
44 198 6 305 586 9 568 126 209 183 
992 812 798 49 450 177 877 234 840 547 
991 663 76 506 515 560 232 46 356 423 
259 80 118 258 257 588 658 759 707 543 
436 449 697 977 873 172 357 868 491 145 
947 751 453 392 65 139 603 365 239 409 
850 94 982 961 103 423 150 274 477 819 
826 984 502 405 399 30 769 83 620 377 
288 427 785 425 531 91 555 375 575 175 
755 287 185 691 479 211 827 159 906 150 
320 356 343 885 398 662 2 331 47 185 
620 103 483 815 493 805 686 710 669 813 
198 137 751 777 170 140 286 459 469 958 
513 147 954 214 820 454 750 486 766 296 
957 543 204 499 885 40 53 290 970 189 
915 232 561 944 356 934 535 453 415 414 
136 367 181 821 475 870 835 445 404 1 
773 957 237 609 160 704 229 490 572 119 
75 78 50 278 188 594 19 579 446 144 
384 472 584 962 470 972 920 441 765 667 
115 43 700 445 796 195 778 941 41 632 
255 890 279 496 888 615 560 125 164 764 
926 259 293 905 15 278 807 443 938 137 
658 209 182 913 28 662 924 882 202 316 
452 739 911 564 340 691 776 358 878 250 
944 12 787 791 39 786 528 918 784 58 
165 920 227 236 401 78 626 825 542 842 
558 183 905 824 863 677 292 442 527 151 
243 332 549 765 932 236 569 223 219 220 
146 265 359 912 628 147 615 899 767 794 
775 477 535 660 534 960 291 582 854 427 
506 897 950 733 687 27 165 407 948 690 
725 363 153 319 842 167 972 653 792 631 
594 281 743 2 21 470 814 660 82 368 
148 258 929 964 247 730 861 652 443 671 
962 437 117 317 659 936 157 593 558 461 
8 249 264 761 410 788 556 191 469 629 
943 101 194 902 73 379 221 878 674 495 
420 227 202 9 58 920 90 250 985 514 
981 666 583 792 767 336 31 316 193 433 
233 55 702 151 759 907 739 483 696 178 
209 959 338 188 376 993 32 346 758 97 
166 942 430 168 874 105 954 554 788 448 
232 253 225 118 749 422 151 700 896 36 
537 313 376 748 74 474 810 328 431 637 
1 119 460 484 152 378 10 367 309 853 
896 305 940 613 23 87 726 780 929 3 
957 625 453 974 806 539 592 114 159 769 
945 449 800 228 408 190 826 90 896 164 
888 30 648 450 614 963 609 508 106 825 
364 948 591 997 675 339 157 0 872 154 
861 933 203 555 153 173 91 124 849 160 
439 494 967 292 866 315 794 486 593 291 
836 937 454 287 49 450 868 523 750 128 
790 717 944 773 189 973 478 395 904 765 
4 144 397 77 316 372 981 689 561 201 
336 325 741 761 2 780 101 930 711 589 
516 945 446 750 581 506 116 749 597 599 
379 86 819 358 804 465 74 781 511 747 
639 205 330 940 492 556 543 835 907 565 
328 864 533 856 778 333 532 654 700 437 
515 244 47 929 500 110 319 377 515 282 
249 469 866 666 810 571 23 162 106 69 
765 900 767 898 707 329 389 25 802 915 
127 883 740 196 474 490 452 287 641 734 
944 39 395 522 766 165 909 663 784 577 
682 544 283 417 398 103 500 239 877 938 
417 631 648 361 668 293 119 426 349 590 
596 97 452 986 772 663 445 557 656 244 
640 474 427 43 115 998 982 354 662 565 
76 13 715 748 486 955 594 252 287 923 
239 712 921 419 548 771 993 548 946 203 
560 336 519 562 598 578 498 440 904 936 
676 28 515 256 756 777 745 453 258 386 
439 446 149 411 610 410 626 195 785 677 
858 688 586 209 607 956 369 788 46 967 
893 401 626 604 438 221 180 255 487 387 
331 374 146 312 633 142 1000 9 198 201 
113 507 162 706 850 156 539 846 897 2 
582 744 848 160 449 660 227 180 419 411 
349 73 263 517 622 634 210 889 403 538 
862 961 228 5 246 569 917 181 615 342 
607 780 997 301 81 658 995 74 769 456 
22 739 246 308 692 134 367 610 203 394 
533 28 797 690 897 995 466 200 721 69 
513 310 560 762 131 39 415 661 631 396 
744 658 124 993 463 481 767 756 678 755 
691 66 50 167 783 164 409 872 717 977 
593 206 516 755 110 860 486 405 330 242 
30 871 39 712 187 951 446 173 860 56 
610 53 41 731 726 341 192 665 533 394 
404 755 638 317 926 208 501 472 989 619 
653 776 218 487 831 633 565 281 761 929 
436 913 179 628 908 372 814 822 758 842 
556 179 659 889 404 346 365 587 440 609 
313 847 357 378 543 820 26 246 495 326 
121 65 926 872 373 311 831 960 948 595 
203 697 33 170 173 664 644 631 962 501 
71 863 947 984 707 568 299 982 926 722 
225 82 125 206 587 692 592 800 765 781 
574 887 675 209 719 997 585 586 929 76 
277 43 473 472 246 53 643 243 911 493 
231 380 645 930 389 991 543 275 882 48 
264 35 901 611 505 43 108 661 583 681 
350 75 645 740 228 416 887 54 277 212 
352 217 510 684 592 561 825 580 501 55 
452 843 462 621 762 374 589 759 95 349 
842 120 596 122 100 401 544 291 898 654 
179 114 842 39 160 806 814 517 14 263 
781 30 45 461 96 627 386 188 507 183 
473 140 225 626 216 23 876 174 813 656 
715 334 7 725 302 856 440 320 669 136 
824 39 195 299 991 427 76 891 556 790 
408 823 77 178 752 816 88 637 571 628 
713 345 44 770 146 991 93 758 477 228 
817 577 459 192 5 805 194 378 649 633 
562 825 632 208 183 699 351 16 935 456 
801 34 940 314 584 578 547 724 983 213 
936 415 872 649 497 154 657 949 785 776 
803 224 44 509 706 890 813 732 477 648 
253 19 829 486 52 899 425 757 955 274 
605 161 982 756 172 926 959 220 342 576 
497 261 332 210 693 362 791 132 793 984 
648 513 12 169 692 931 437 399 978 736 
334 860 718 458 371 24 3 166 97 239 
524 606 839 954 386 360 893 344 864 189 
402 917 932 211 664 38 896 312 764 845 
282 728 622 481 305 401 986 701 171 589 
509 929 875 240 547 839 55 452 418 692 
517 822 843 472 128 85 233 536 402 911 
626 523 615 226 501 657 877 543 798 25 
544 855 5 218 650 78 148 721 824 711 
651 147 726 301 924 847 115 255 441 633 
636 962 238 791 550 201 668 209 393 716 
595 884 721 10 34 18 409 98 4 646 
294 565 114 38 832 211 557 675 751 691 
394 487 395 87 747 873 859 344 197 626 
677 346 514 627 302 941 344 17 386 544 
566 506 404 230 651 223 978 963 480 112 
630 181 205 576 549 53 471 786 629 258 
713 939 993 152 642 276 573 872 499 172 
446 150 573 121 509 775 624 959 981 253 
479 15 849 135 689 571 504 777 205 323 
152 309 337 571 965 588 739 628 720 946 
703 36 684 428 136 570 41 755 779 703 
881 625 445 485 787 812 62 287 816 762 
138 557 724 182 833 230 588 415 717 84 
768 598 632 938 786 967 634 609 436 970 
703 777 389 54 326 428 664 293 903 777 
40 662 390 559 584 276 695 397 414 512 
170 461 746 907 283 794 767 654 941 591 
303 548 908 878 489 246 907 953 350 516 
850 98 221 734 227 469 84 78 633 912 
216 189 495 787 496 401 656 678 41 759 
852 304 809 995 423 673 622 352 788 846 
477 576 576 541 19 87 525 410 930 784 
883 29 148 193 292 364 920 904 776 148 
464 533 765 608 896 346 376 345 930 380 
134 274 345 34 507 231 454 377 349 984 
951 975 891 885 369 452 229 957 911 114 
230 546 635 549 797 169 347 669 640 35 
183 118 521 879 372 156 731 245 805 761 
958 754 922 606 598 381 861 441 155 442 
230 884 666 712 415 380 617 133 467 125 
90 876 769 367 565 247 102 314 488 895 
495 834 759 938 873 672 334 156 21 815 
379 9 74 288 189 485 918 15 396 584 
255 852 997 76 872 430 186 149 519 741 
261 136 555 196 539 1 514 495 376 415 
515 891 982 512 900 65 953 778 177 180 
96 252 706 617 91 337 516 26 350 408 
837 794 353 357 966 489 962 926 437 999 
441 281 74 269 113 115 238 39 792 215 
7 438 876 867 198 159 783 583 563 442 
284 817 779 568 54 462 960 883 998 609 
382 743 64 273 695 814 655 179 402 508 
988 346 277 288 762 585 768 916 126 475 
9 862 255 4 849 294 713 647 611 585 
823 561 190 121 135 522 473 851 162 920 
6 613 611 14 691 833 584 77 570 644 
481 693 274 343 891 132 151 262 293 613 
217 263 239 953 508 384 106 569 388 57 
782 600 851 290 974 266 851 13 102 538 
743 842 744 612 833 48 988 65 15 871 
220 395 657 21 946 110 206 580 738 607 
176 854 933 169 84 524 241 379 28 295 
14 558 631 661 918 621 861 333 797 365 
527 892 118 866 233 60 183 0 664 743 
415 592 940 869 790 397 31 855 264 665 
780 156 612 419 553 14 402 583 994 487 
936 78 11 0 356 387 968 125 694 673 
790 581 199 50 503 859 988 347 985 587 
973 886 556 297 477 860 237 394 752 458 
540 718 705 580 361 764 250 610 830 408 
214 482 849 33 881 137 301 130 838 204 
153 790 541 550 250 67 982 539 114 436 
721 38 979 871 34 592 163 272 409 247 
873 227 801 106 128 498 375 141 877 892 
150 830 230 833 98 632 355 3 199 843 
893 880 304 119 370 133 834 714 201 86 
330 552 94 21 940 953 542 754 465 561 
694 724 234 114 211 883 436 843 736 334 
24 859 610 346 293 398 278 274 279 48 
681 353 203 456 25 342 95 917 356 871 
241 100 708 748 140 230 219 73 433 321 
24 902 921 216 256 371 441 366 66 555 
961 515 518 544 2 483 982 247 270 429 
226 123 423 760 908 841 403 684 959 815 
551 212 630 993 331 863 279 23 307 757 
491 384 817 542 673 909 372 567 976 908 
20 644 915 506 400 535 225 612 375 780 
34 662 639 856 983 961 597 169 966 144 
625 153 254 753 248 226 769 561 346 14 
37 552 618 367 314 636 686 69 668 815 
81 685 493 56 72 427 466 755 34 366 
919 421 124 991 797 924 921 258 981 717 
937 384 975 855 829 50 772 329 616 62 
957 233 981 277 321 521 726 962 590 935 
624 305 894 395 335 874 442 690 448 148 
757 960 560 193 6 494 609 528 690 730 
162 406 787 355 224 738 939 652 420 36 
701 133 701 996 39 123 609 752 526 419 
930 241 349 54 731 401 461 330 566 588 
697 256 308 372 648 697 913 99 636 130 
226 553 844 851 393 951 153 957 519 481 
355 587 737 935 94 312 785 627 18 815 
503 895 239 411 598 696 676 525 709 981 
14 721 156 705 395 303 171 71 235 270 
8 563 379 715 693 685 36 968 752 993 
93 787 872 54 564 958 101 935 666 63 
189 144 302 713 13 584 253 844 498 719 
648 216 229 647 277 19 594 76 860 38 
711 330 572 734 760 284 233 781 169 26 
349 822 571 999 802 319 795 364 539 208 
295 249 262 533 430 817 319 342 416 373 
755 575 436 460 558 998 427 46 163 440 
611 210 684 749 939 992 87 611 779 187 
473 562 446 741 377 746 231 735 403 285 
490 270 450 621 932 764 41 338 294 974 
500 879 420 832 782 621 166 813 86 483 
790 557 645 895 626 563 389 575 497 792 
637 115 192 983 653 801 231 137 966 302 
150 936 346 723 844 280 859 554 325 240 
218 462 71 368 334 392 188 451 618 135 
492 346 637 653 463 993 85 695 565 381 
117 339 824 772 238 673 15 742 440 653 
630 41 734 625 643 887 397 78 687 350 
183 631 432 809 995 972 79 993 267 453 
28 761 130 326 247 242 687 336 685 454 
891 582 202 277 417 660 481 684 917 716 
744 590 524 633 4 212 313 120 343 859 
578 39 904 518 71 547 350 945 891 374 
909 162 421 191 582 40 873 969 978 206 
157 392 815 5 321 982 729 398 413 168 
397 971 970 492 890 491 976 519 257 454 
709 321 211 494 825 424 442 76 242 299 
213 780 758 737 341 150 777 210 296 205 
943 205 556 965 300 891 502 232 444 616 
34 367 741 647 862 494 448 234 669 597 
669 172 415 149 536 352 900 756 987 140 
223 993 468 590 347 808 906 335 250 511 
801 654 185 555 841 641 410 8 653 303 
500 814 971 11 184 150 227 513 124 221 
575 353 551 691 297 305 188 20 345 87 
979 278 533 914 698 919 390 80 768 100 
303 777 487 992 733 371 953 931 908 136 
69 560 452 479 151 489 596 791 842 677 
453 205 188 747 148 589 461 999 41 411 
882 446 27 340 584 132 855 848 998 596 
959 488 446 471 964 44 955 532 95 883 
811 614 797 469 949 341 2 107 684 858 
431 861 404 689 218 909 288 250 354 118 
300 958 276 779 582 873 940 814 380 234 
425 692 518 358 149 668 540 72 542 919 
160 703 598 82 24 163 639 614 617 294 
91 721 875 759 614 577 43 456 599 329 
145 762 80 362 908 805 732 629 368 995 
142 189 441 439 230 92 281 500 462 309 
54 956 832 660 30 713 261 102 360 872 
814 704 838 367 20 924 865 587 854 750 
940 878 885 444 257 937 286 828 793 748 
465 513 398 286 988 826 866 798 929 97 
554 255 539 68 619 810 927 776 781 230 
191 463 853 95 633 980 302 312 611 693 
416 154 28 125 45 964 168 789 767 810 
42 995 487 63 212 123 608 336 60 678 
316 748 832 319 335 668 969 808 169 90 
706 875 448 307 300 643 261 56 326 781 
621 395 556 246 918 320 474 427 569 406 
642 892 379 171 414 320 938 513 340 928 
150 44 478 799 474 617 924 237 654 295 
487 820 554 432 644 190 375 805 15 464 
39 12 759 135 230 617 896 507 392 855 
867 429 926 409 831 125 300 19 94 90 
81 919 454 731 996 206 577 395 597 261 
439 394 448 199 391 321 876 499 410 467 
939 986 853 697 354 57 875 196 78 337 
324 359 245 85 638 56 513 998 963 841 
554 617 392 261 687 683 365 159 824 517 
202 715 333 202 761 605 9 991 265 641 
686 817 85 416 856 493 866 880 429 541 
23 967 892 850 191 883 654 644 430 800 
582 344 900 155 979 80 503 644 346 926 
855 880 896 991 229 466 408 555 846 226 
57 514 208 1 310 931 234 903 814 827 
930 20 687 291 234 955 635 154 560 977 
156 903 328 31 652 156 981 145 857 24 
615 674 320 136 16 881 319 655 388 264 
936 255 781 215 991 373 728 716 319 344 
136 107 28 540 457 21 379 703 629 497 
330 944 637 103 8 872 845 352 7 242 
236 891 323 128 29 485 419 991 130 388 
958 980 885 410 423 37 247 173 608 628 
488 841 304 479 817 328 257 374 902 277 
701 197 124 67 923 486 480 899 912 59 
345 923 920 134 757 419 122 178 491 994 
874 399 626 105 510 882 471 99 353 573 
428 678 497 638 795 16 195 414 456 245 
827 929 208 518 993 711 287 758 217 521 
759 750 862 43 411 825 670 327 666 852 
925 590 539 499 455 432 333 672 687 127 
9 569 676 115 754 314 995 138 283 353 
177 825 219 179 581 870 898 589 670 784 
138 728 129 725 843 598 983 176 939 464 
791 262 256 133 949 840 305 807 380 513 
946 367 824 577 550 123 37 648 335 785 
26 553 573 583 799 513 901 585 464 748 
785 166 432 203 629 922 423 229 72 263 
38 737 427 359 10 155 746 536 750 894 
904 553 318 828 781 426 483 992 840 580 
648 560 686 591 133 407 646 566 715 917 
284 94 810 636 416 526 899 168 85 723 
11 60 187 577 677 456 543 447 520 281 
282 862 279 220 648 190 513 817 120 512 
767 99 19 449 845 541 768 787 557 253 
855 106 554 80 498 545 500 123 348 411 
252 748 814 524 156 988 510 976 158 124 
283 152 970 363 917 684 992 8 860 122 
228 464 896 380 389 565 455 681 344 954 
710 98 502 107 600 141 72 844 20 258 
732 282 185 575 4 810 319 916 309 980 
233 894 226 578 483 570 824 292 750 330 
444 152 252 723 256 873 945 990 27 366 
929 949 354 481 639 122 444 659 707 980 
466 415 265 413 60 424 244 941 826 349 
907 921 103 228 804 563 769 212 209 159 
307 6 266 208 447 900 348 273 243 918 
726 629 814 749 337 53 457 3 782 596 
934 947 255 673 544 859 359 626 31 369 
298 179 842 998 665 960 480 19 121 786 
693 811 1 353 108 484 517 52 954 249 
268 66 904 189 652 686 653 806 45 851 
344 805 48 755 673 42 152 612 17 308 
48 695 385 535 511 925 354 179 811 163 
605 711 440 342 828 214 491 77 848 549 
174 34 272 1000 952 87 459 570 540 645 
368 321 527 659 993 921 422 935 470 476 
774 631 950 818 416 2 131 532 324 813 
326 663 9 591 378 631 156 632 775 319 
195 689 142 722 702 475 169 877 330 749 
455 457 681 384 490 753 203 554 759 549 
668 349 810 140 67 907 108 827 493 559 
380 385 334 492 407 927 153 151 598 279 
434 80 373 730 763 174 30 215 120 608 
211 95 63 275 667 537 293 956 240 867 
118 458 601 391 792 696 151 373 470 325 
930 334 632 496 220 907 67 9 534 102 
48 833 703 655 925 939 83 831 538 377 
316 479 680 46 811 878 596 846 572 501 
263 610 239 14 799 565 545 916 859 835 
996 85 778 507 265 971 397 971 591 567 
607 907 567 987 737 781 506 341 645 550 
731 41 408 979 553 725 605 783 638 678 
98 748 601 617 619 67 635 629 648 34 
974 339 211 609 823 746 852 826 244 998 
39 255 134 384 801 704 233 36 506 890 
536 713 680 612 520 249 882 42 567 511 
450 642 356 993 51 350 436 959 557 973 
316 302 357 997 135 273 935 397 327 206 
119 135 163 871 549 433 56 379 715 824 
241 318 821 547 380 658 788 605 763 626 
607 385 617 819 744 251 326 439 706 772 
751 527 312 320 342 759 319 515 122 897 
397 967 543 590 123 301 22 718 142 318 
17 884 79 915 916 259 469 592 70 990 
347 417 46 763 839 849 256 72 851 78 
928 123 721 719 443 619 498 254 172 683 
47 144 63 237 199 772 421 454 853 230 
490 753 950 527 841 111 753 423 784 701 
330 816 755 814 642 470 107 650 242 60 
501 853 389 181 909 347 819 553 888 351 
512 267 746 80 688 187 395 571 687 963 
353 254 24 819 260 357 181 347 863 817 
758 490 598 649 718 299 352 926 228 990 
17 648 92 1 677 119 218 388 97 433 
673 563 218 154 884 675 617 969 294 29 
514 350 347 542 175 357 931 300 104 971 
46 672 186 205 823 706 604 641 719 656 
975 647 356 520 631 841 766 114 49 389 
761 264 47 524 886 446 565 531 629 740 
835 949 642 811 209 949 461 452 718 485 
409 35 597 547 702 839 518 291 972 481 
898 890 497 667 391 601 755 657 553 814 
358 558 769 543 564 592 1000 10 442 585 
769 863 400 856 387 443 72 771 896 909 
542 160 138 155 736 612 398 314 549 152 
760 874 290 327 904 360 273 401 166 285 
897 458 743 211 714 441 411 274 484 875 
944 405 574 841 440 173 21 639 197 371 
359 929 282 227 340 66 843 344 352 871 
891 535 461 420 376 355 636 471 105 881 
569 581 360 815 590 626 919 545 517 19 
385 500 824 799 399 871 792 198 177 232 
234 359 150 983 366 249 877 530 408 343 
243 819 766 289 826 748 479 316 564 634 
913 158 727 41 615 565 645 325 672 479 
37 880 882 771 814 137 462 121 874 259 
217 355 859 864 313 412 374 72 714 524 
146 306 652 75 796 863 839 318 703 274 
700 279 20 996 59 732 72 46 828 796 
818 481 326 737 245 893 538 505 108 849 
602 497 334 653 109 244 25 962 870 730 
805 756 914 706 980 674 467 112 168 393 
321 281 121 348 796 939 130 161 637 337 
885 516 585 874 728 223 665 308 558 953 
334 480 50 875 500 136 739 272 951 519 
277 162 709 384 238 147 191 651 185 875 
757 129 429 812 262 651 925 870 247 595 
194 746 51 599 381 691 49 596 668 156 
255 903 214 17 740 749 848 54 357 518 
223 694 499 104 796 257 691 649 66 555 
150 509 833 980 463 324 844 774 334 98 
565 927 926 58 251 65 104 551 139 673 
312 578 585 157 93 993 202 268 424 336 
896 306 505 661 9 504 990 713 992 786 
201 733 155 611 285 170 658 821 344 684 
977 652 214 658 222 256 457 996 342 320 
339 597 771 983 287 315 923 964 810 786 
27 184 909 812 695 110 51 158 737 4 
402 48 926 175 308 544 880 701 257 227 
227 733 682 895 785 585 563 59 568 918 
491 264 844 567 208 587 706 598 623 540 
674 233 293 430 234 824 775 417 449 346 
901 808 681 201 524 104 11 280 703 308 
587 533 733 595 972 697 457 899 53 860 
754 404 419 405 942 691 535 159 102 464 
636 531 694 539 406 16 718 768 301 214 
226 967 444 170 584 673 190 685 191 534 
158 364 103 669 125 798 609 725 949 377 
65 358 347 730 554 416 655 966 222 95 
142 725 768 992 797 399 607 57 904 468 
805 741 315 911 54 824 583 733 256 171 
217 819 661 526 939 977 891 579 862 602 
205 836 687 653 530 519 186 770 365 506 
77 692 828 468 546 426 413 743 879 88 
563 967 492 583 210 381 779 970 175 983 
227 516 518 129 599 608 301 181 139 456 
174 176 567 644 482 213 680 829 637 895 
428 927 433 679 271 823 279 774 453 797 
922 462 909 40 666 478 71 56 664 362 
621 807 634 41 335 527 214 366 851 582 
359 232 254 735 535 653 934 49 486 742 
752 54 906 49 167 434 192 141 600 186 
164 216 482 97 403 212 495 154 569 699 
124 915 712 583 94 631 572 562 44 390 
478 98 207 950 767 137 328 479 590 99 
605 569 786 442 504 237 875 29 96 64 
608 352 854 510 321 686 662 954 866 937 
323 980 407 46 116 866 189 214 945 263 
761 931 888 589 975 978 604 16 366 958 
591 531 722 52 711 316 309 979 753 643 
0 477 380 466 618 217 877 97 912 742 
8 147 385 174 796 915 164 236 295 130 
138 35 258 135 63 427 732 73 845 952 
655 963 942 630 809 501 486 254 585 414 
142 379 810 434 392 513 355 55 860 321 
803 516 180 209 482 234 169 240 303 20 
991 251 710 295 885 213 220 408 225 126 
793 237 301 747 548 488 409 686 46 703 
148 556 32 105 562 663 675 608 92 755 
445 318 558 121 797 594 204 133 767 12 
540 61 203 914 457 272 748 912 238 762 
552 242 155 472 586 8 431 133 565 699 
901 293 341 45 672 203 802 826 905 922 
133 934 622 377 699 195 547 539 884 34 
764 738 830 385 160 619 328 899 476 813 
558 880 448 854 103 691 64 985 415 81 
321 277 832 507 302 379 146 886 612 230 
497 139 820 221 468 692 554 394 53 620 
573 650 587 55 121 172 779 425 807 925 
198 602 97 614 769 413 411 233 835 484 
728 271 214 392 413 499 756 646 813 464 
263 413 766 753 663 799 563 353 205 187 
316 362 695 63 793 265 355 918 500 1 
172 367 415 805 114 600 125 218 886 976 
267 30 974 469 572 191 603 714 670 737 
328 481 909 577 405 572 685 100 987 212 
635 550 299 811 291 432 307 719 580 378 
152 754 63 795 916 269 759 77 149 551 
565 407 846 976 285 93 969 836 904 814 
37 58 689 173 127 405 888 842 145 601 
921 278 10 320 468 281 472 976 471 625 
887 373 243 146 241 583 865 510 218 960 
377 264 707 756 112 401 606 233 852 844 
815 791 883 885 497 632 483 478 857 723 
47 456 233 569 481 297 39 899 878 983 
580 271 867 251 996 431 801 347 552 660 
34 97 36 855 379 702 666 526 544 705 
879 880 803 613 176 862 45 47 395 98 
706 583 507 79 742 287 505 552 438 38 
192 435 242 559 46 328 406 787 311 666 
947 996 464 589 51 297 894 261 171 236 
679 426 442 484 25 844 545 124 713 317 
581 39 789 954 46 550 456 938 400 686 
8 440 305 653 639 879 67 554 676 520 
475 826 234 162 462 502 9 352 282 155 
754 338 715 817 827 40 323 923 340 217 
229 230 758 792 127 474 874 1 858 273 
55 937 308 584 33 698 841 496 40 779 
823 373 959 126 80 125 369 512 923 618 
177 25 857 954 330 168 471 437 179 493 
546 547 908 187 925 190 388 788 916 542 
962 280 405 833 308 567 850 547 273 120 
717 234 20 988 657 500 899 296 508 536 
830 971 558 414 458 140 466 491 392 73 
184 963 512 87 482 309 340 259 456 399 
582 736 965 172 312 57 58 895 615 253 
480 381 804 687 761 103 409 910 701 716 
317 238 89 345 810 65 899 361 109 91 
128 715 536 274 387 444 444 951 349 51 
231 432 557 791 793 581 759 203 609 44 
328 820 90 190 227 438 345 463 420 501 
378 683 243 24 467 354 865 916 584 73 
467 656 669 422 991 377 781 987 684 272 
818 604 594 821 919 982 608 316 539 431 
126 647 473 427 220 853 685 602 766 636 
181 77 258 291 559 852 511 674 327 559 
389 894 255 935 543 395 863 815 472 226 
49 643 606 203 143 564 617 704 779 220 
976 310 178 849 456 960 732 845 847 855 
808 469 969 955 174 303 954 160 633 390 
717 135 238 634 348 578 473 106 284 290 
326 774 14 47 461 355 294 211 59 905 
943 399 600 871 224 897 738 207 161 458 
782 671 330 34 619 766 529 860 864 767 
581 346 130 438 549 795 87 383 351 208 
311 255 252 183 152 656 150 423 638 145 
174 895 520 368 735 986 26 437 999 409 
691 198 582 511 510 708 541 635 813 200 
173 15 546 914 535 507 756 414 368 808 
994 872 582 312 76 63 7 330 965 793 
760 302 723 256 553 183 571 562 237 803 
192 139 723 835 950 219 756 728 963 271 
268 483 86 145 547 29 137 828 530 607 
398 425 925 584 135 651 974 541 666 792 
107 461 809 524 555 839 458 101 801 730 
191 867 171 327 136 154 897 313 989 319 
510 532 397 117 27 406 65 752 298 740 
186 636 865 825 386 861 33 328 971 721 
575 473 41 58 602 834 296 176 514 739 
289 471 656 994 305 747 816 111 910 33 
692 218 808 477 883 964 101 439 589 285 
583 931 942 143 940 919 250 442 234 463 
302 362 599 561 66 527 459 208 83 831 
526 357 533 166 766 164 319 340 875 721 
15 905 26 107 499 926 211 1000 830 456 
389 831 514 410 619 799 837 285 960 896 
292 159 139 513 512 114 311 656 321 260 
387 477 732 548 583 802 32 671 698 413 
317 879 45 767 292 116 368 230 42 628 
630 903 930 515 836 604 10 295 10 932 
866 965 455 369 159 517 67 997 750 203 
488 664 155 64 853 787 938 432 429 291 
640 620 456 990 725 893 181 894 775 583 
757 721 757 116 294 385 64 550 492 403 
865 527 292 975 838 64 18 857 153 878 
972 784 0 942 930 678 457 504 869 765 
347 134 657 646 951 536 596 856 633 376 
589 142 584 712 215 518 389 331 458 587 
504 294 28 91 117 947 492 321 931 608 
155 434 478 527 690 21 193 172 738 566 
579 525 775 473 219 568 720 304 535 184 
804 807 146 339 757 366 917 172 165 478 
521 671 702 836 889 760 774 774 214 250 
939 136 540 662 594 494 691 218 228 116 
912 946 432 307 759 871 880 887 700 268 
71 941 529 343 614 48 664 976 691 608 
843 514 101 336 648 630 364 539 172 439 
672 650 199 223 414 705 769 11 425 902 
72 208 757 908 181 384 715 214 830 732 
568 406 222 997 219 611 996 647 921 524 
407 613 67 705 225 167 288 269 220 645 
712 442 308 297 619 596 337 616 784 895 
692 10 459 768 970 530 992 597 224 127 
110 145 281 293 966 714 521 802 335 716 
644 121 880 755 57 394 687 447 868 462 
120 462 780 72 306 253 623 862 551 18 
992 188 670 589 500 453 232 501 74 794 
779 942 105 699 38 14 18 930 742 778 
959 813 528 797 994 814 486 922 209 404 
21 558 91 322 498 129 599 878 467 442 
644 206 391 898 466 503 275 592 883 207 
625 254 701 159 764 993 47 829 109 43 
35 932 568 508 933 383 211 267 228 943 
689 998 143 325 186 330 937 88 664 42 
472 362 739 272 86 769 434 1000 121 736 
987 321 804 504 342 245 904 422 413 380 
153 932 268 917 393 611 772 801 656 33 
815 513 373 124 958 155 642 34 952 579 
113 901 650 599 745 501 169 75 831 596 
860 876 976 561 585 611 789 256 814 504 
118 755 981 20 239 99 133 47 183 242 
861 42 35 961 37 476 903 30 196 695 
282 554 712 275 808 358 930 925 533 268 
435 745 772 675 397 444 275 153 72 597 
904 930 783 60 762 522 411 776 675 233 
514 714 967 128 869 175 224 344 919 760 
132 149 497 146 6 600 694 492 462 160 
719 817 174 792 867 746 618 654 976 8 
199 867 442 621 942 715 972 521 754 469 
127 931 358 28 769 269 11 70 641 426 
38 709 373 488 941 85 616 696 638 169 
684 452 306 393 920 839 404 301 339 828 
509 595 404 284 636 156 566 449 707 72 
347 243 750 617 13 227 495 401 180 244 
120 89 514 541 73 459 116 895 458 843 
140 883 975 684 570 944 41 851 733 633 
851 809 241 849 388 819 121 685 707 729 
74 778 536 198 450 863 186 538 695 452 
432 142 767 398 2 625 606 65 730 110 
56 984 305 882 441 518 592 27 382 956 
250 376 209 359 206 720 783 163 143 437 
495 541 725 397 998 734 970 173 40 645 
67 929 610 35 630 414 902 590 786 89 
206 985 802 795 665 385 946 599 372 504 
932 974 199 719 752 620 770 973 72 387 
412 977 853 717 39 441 747 876 876 828 
419 822 647 839 962 643 852 311 555 72 
667 19 494 960 263 519 944 972 166 389 
917 551 393 25 41 738 547 278 721 528 
232 331 10 63 66 700 188 833 876 849 
344 854 451 859 269 225 212 123 4 557 
35 547 806 369 629 587 927 350 919 802 
363 673 846 170 233 743 130 409 28 419 
357 487 750 48 831 621 380 632 966 175 
993 476 660 810 315 282 899 985 284 175 
213 518 964 50 386 991 710 102 544 565 
261 341 704 96 595 854 243 222 581 955 
144 127 39 91 58 942 562 620 854 721 
309 91 529 83 526 412 120 68 511 845 
653 106 175 288 980 618 658 899 4 421 
996 242 337 109 127 764 48 950 919 771 
391 570 553 590 569 79 683 792 556 127 
416 754 485 227 717 826 454 524 227 147 
285 889 405 38 801 407 744 981 70 351 
264 250 673 552 283 823 48 743 640 509 
169 395 237 157 497 831 902 783 374 535 
927 134 301 138 399 911 667 929 571 111 
161 896 299 689 79 658 792 392 303 59 
582 146 771 837 107 627 532 96 321 214 
953 562 774 150 89 513 136 327 962 814 
771 531 320 25 175 62 66 390 550 899 
792 647 637 806 150 736 31 384 871 518 
389 929 955 972 57 894 350 181 674 596 
900 885 60 306 96 162 552 357 159 115 
247 856 59 605 916 277 859 761 243 840 
407 509 154 218 737 317 658 174 252 834 
374 982 154 71 765 959 393 600 592 928 
10 2 78 911 114 555 892 98 705 752 
780 870 399 779 281 981 583 625 900 388 
694 504 398 468 160 471 282 836 529 363 
321 705 847 250 131 951 726 735 921 499 
776 67 450 431 166 48 697 518 797 682 
447 97 140 736 153 46 85 513 458 186 
337 144 224 780 23 34 471 757 602 942 
106 891 651 902 93 997 678 629 335 499 
87 800 733 877 153 564 332 576 769 530 
194 410 980 804 116 500 532 750 969 925 
572 397 144 65 344 379 261 654 945 481 
992 589 549 506 135 310 474 510 73 799 
325 385 214 197 900 499 728 216 762 70 
806 566 501 9 68 630 625 991 163 690 
372 279 592 246 33 861 984 741 377 648 
41 299 157 310 994 401 553 543 109 294 
819 733 268 49 625 452 723 85 497 141 
888 467 370 679 262 114 800 483 547 161 
926 524 61 791 510 593 358 126 733 483 
415 750 655 768 529 747 760 359 147 134 
1 336 822 492 851 718 118 344 774 488 
540 70 358 600 57 624 804 253 975 286 
911 457 606 43 981 540 476 664 271 322 
236 709 482 399 870 751 842 575 165 201 
561 544 541 435 926 638 653 801 883 618 
556 171 483 462 842 153 506 688 388 236 
544 777 442 844 621 318 415 935 822 102 
851 464 761 591 929 963 143 445 963 440 
609 60 277 619 99 833 618 904 226 485 
807 9 997 380 697 579 567 463 389 641 
789 69 940 166 413 142 877 648 280 880 
606 962 951 175 997 678 834 699 528 794 
258 724 861 395 571 745 435 472 306 400 
779 606 121 43 660 145 438 29 405 568 
573 822 220 898 991 640 202 248 193 33 
8 693 472 943 36 948 555 821 701 236 
785 390 2 444 724 140 194 71 375 561 
499 536 199 787 23 557 559 762 928 201 
826 538 777 446 537 712 543 936 20 772 
742 720 375 972 576 435 887 777 802 685 
328 369 663 790 145 827 593 865 794 86 
638 587 523 808 393 772 147 875 111 118 
693 129 192 660 481 491 795 656 725 73 
215 662 140 423 397 97 831 684 53 992 
94 615 293 57 295 314 617 473 958 700 
192 136 94 364 164 158 928 380 184 774 
805 501 829 62 79 215 775 934 150 990 
813 506 155 89 699 78 539 167 578 875 
336 379 476 575 851 567 763 832 211 347 
415 956 267 937 762 275 0 704 970 789 
993 725 613 509 19 722 812 682 412 592 
326 787 957 335 439 927 83 960 354 784 
580 625 435 287 371 180 120 677 466 978 
124 248 451 889 293 274 647 769 309 219 
436 405 542 618 832 210 523 784 596 98 
25 944 68 855 860 1000 0 590 507 718 
171 153 968 647 620 331 940 171 223 625 
459 118 659 234 216 949 733 736 503 778 
77 537 947 983 985 991 651 737 584 804 
332 41 596 356 429 355 530 277 510 268 
981 533 521 417 934 727 346 253 194 571 
773 38 928 344 934 600 182 708 424 23 
590 241 84 782 869 88 229 474 348 837 
325 804 340 967 699 682 73 32 529 531 
452 658 681 492 574 533 765 627 25 517 
59 860 64 409 777 61 611 170 451 325 
976 312 554 685 613 462 791 784 431 273 
98 18 413 6 94 63 174 350 753 875 
514 834 784 25 654 59 441 582 165 38 
942 44 350 702 655 510 83 685 50 668 
903 383 469 430 193 138 766 555 579 918 
557 191 729 94 470 617 979 286 90 190 
188 163 3 875 379 379 425 95 545 626 
463 987 188 148 877 352 287 353 418 823 
455 771 465 493 745 554 575 671 279 891 
115 615 232 379 916 511 904 690 916 150 
955 480 306 720 549 617 17 83 696 266 
904 846 819 266 143 74 380 545 599 159 
460 821 9 934 473 225 437 53 39 548 
747 668 594 70 579 741 774 571 921 786 
380 327 187 965 418 28 349 593 444 104 
707 556 353 332 981 317 723 378 142 11 
247 791 887 943 738 853 875 146 69 359 
572 553 908 294 783 451 382 367 831 181 
657 656 592 603 298 325 888 781 517 328 
111 531 325 935 139 985 589 465 892 197 
950 775 86 929 872 775 771 863 553 414 
850 757 588 638 165 885 544 534 58 758 
333 742 698 679 751 691 880 715 813 31 
77 58 39 558 78 275 437 566 890 599 
632 383 24 706 521 391 195 225 832 974 
690 932 580 687 32 808 230 856 400 416 
799 71 145 281 962 148 819 277 974 660 
832 522 80 783 863 686 329 524 167 34 
784 641 180 565 636 884 601 328 307 920 
129 877 659 863 415 157 441 691 976 996 
948 775 302 872 765 62 104 254 817 939 
363 711 482 376 52 4 654 235 246 972 
574 564 936 400 354 477 172 611 417 286 
447 666 4 913 967 80 731 974 584 623 
752 265 54 314 242 603 190 79 960 179 
870 388 827 648 518 676 89 508 15 475 
139 639 783 359 831 50 788 51 493 291 
888 470 385 311 961 423 104 528 596 299 
605 701 867 450 407 794 880 741 762 715 
846 236 585 594 381 846 896 574 393 22 
236 876 335 258 956 639 288 62 129 159 
767 920 130 772 465 744 922 747 436 334 
673 251 51 243 161 115 205 622 452 140 
996 800 908 226 36 619 752 148 669 638 
133 230 353 971 239 161 762 914 917 887 
138 963 615 990 576 161 115 566 807 548 
868 968 272 991 128 933 120 303 104 632 
571 565 201 872 300 641 65 734 640 53 
251 432 898 597 281 733 731 485 85 320 
569 82 596 568 467 968 168 999 984 755 
225 947 17 905 18 190 787 513 836 661 
676 183 191 640 659 147 436 736 725 544 
572 96 793 834 402 594 858 921 524 364 
909 243 366 637 616 309 937 117 273 550 
497 272 353 514 49 860 313 259 505 455 
484 106 100 139 381 715 863 665 366 259 
904 311 500 766 285 83 126 50 212 361 
129 400 195 608 301 365 836 344 560 825 
66 952 328 689 302 741 834 933 623 388 
828 775 384 822 870 62 732 711 800 48 
219 116 202 525 27 813 628 404 479 540 
841 877 596 940 802 259 617 164 998 681 
34 270 188 176 198 990 462 386 842 280 
416 836 452 126 181 34 193 857 145 148 
892 576 384 203 589 483 356 469 125 802 
40 886 322 1000 809 682 80 146 742 467 
102 688 164 978 193 456 479 884 873 965 
334 240 843 404 544 894 104 2 644 904 
482 149 959 809 248 219 794 293 622 730 
957 779 225 396 989 47 903 415 111 305 
121 571 316 853 746 528 628 360 803 129 
897 785 669 676 219 474 46 280 787 277 
566 871 843 523 654 589 389 195 792 60 
631 146 41 152 322 857 17 130 276 59 
359 830 367 82 986 704 879 952 818 579 
268 729 901 881 198 698 842 737 555 307 
284 631 624 1000 324 598 470 197 756 343 
145 548 824 394 266 831 968 232 976 704 
593 176 477 623 407 753 975 960 765 205 
86 718 361 84 230 131 333 41 285 407 
822 676 3 469 118 93 46 640 57 836 
629 617 18 916 585 126 641 344 726 471 
459 243 429 697 166 329 317 445 388 112 
505 570 694 526 211 854 954 436 35 15 
200 10 497 577 3 602 511 79 420 191 
653 424 533 730 696 549 113 33 921 249 
48 702 505 286 747 139 220 520 723 737 
487 962 54 795 549 557 996 754 294 427 
233 367 612 837 872 545 779 107 637 754 
153 219 690 380 54 500 214 808 466 189 
431 738 225 461 202 919 199 427 527 797 
27 759 615 845 481 785 865 425 27 779 
450 296 411 759 909 885 176 292 262 64 
420 273 527 3 773 153 419 919 379 789 
390 686 500 311 112 506 431 316 729 477 
217 946 367 742 39 252 223 701 331 916 
148 413 129 260 843 517 5 764 42 415 
107 771 463 498 401 486 612 582 158 622 
832 863 525 501 17 390 659 284 228 647 
924 319 160 149 676 155 824 755 429 394 
308 796 552 97 784 611 321 52 46 498 
870 212 182 595 978 328 504 961 67 245 
894 322 82 388 432 381 340 722 716 99 
911 194 940 678 897 941 276 2 915 94 
357 634 72 514 918 52 655 302 502 814 
852 81 987 94 47 432 845 86 642 648 
807 279 133 194 794 23 143 908 791 997 
174 953 700 931 747 203 655 676 136 396 
825 801 880 518 735 783 214 94 628 679 
287 130 701 699 690 762 128 556 740 20 
973 876 329 300 213 944 154 158 836 387 
178 929 836 453 676 477 541 299 884 34 
304 47 835 831 421 761 405 976 22 607 
219 176 653 340 6 895 627 862 639 116 
480 562 702 518 541 627 126 61 913 500 
350 811 938 58 151 491 396 495 507 945 
166 727 265 945 303 612 98 397 384 920 
937 198 387 831 463 407 838 656 65 427 
159 752 58 156 182 125 318 989 331 315 
716 104 122 101 487 563 874 282 725 624 
128 117 365 749 822 26 135 907 301 273 
54 917 687 123 988 889 256 327 565 59 
371 947 810 698 35 662 942 726 674 52 
851 43 466 323 945 566 740 568 287 559 
957 794 10 519 509 429 225 21 876 905 
445 620 374 304 477 242 584 239 803 712 
655 528 975 218 640 454 600 101 18 937 
72 594 765 765 368 769 357 974 384 19 
723 981 396 731 767 95 441 934 982 935 
421 951 951 897 546 422 790 345 531 466 
610 269 994 414 992 182 537 589 485 616 
85 876 856 678 556 194 73 762 226 824 
779 538 425 654 993 426 100 139 123 77 
367 742 181 350 137 819 765 654 350 168 
213 998 12 889 620 690 501 689 474 203 
975 918 622 870 155 544 82 22 637 183 
818 476 485 250 671 112 312 429 757 104 
972 875 165 845 139 81 304 5 89 322 
722 630 537 894 350 774 299 932 965 427 
244 554 683 962 956 118 237 906 134 303 
725 898 250 276 942 603 593 644 10 476 
292 565 957 420 672 911 848 479 518 731 
363 93 376 446 566 744 336 110 363 446 
188 443 264 581 698 962 28 461 76 484 
37 13 290 973 635 27 289 951 959 884 
390 461 597 884 370 847 965 829 804 456 
449 995 633 726 735 660 190 560 284 529 
89 707 164 215 948 700 661 200 349 788 
569 410 328 328 423 410 758 592 924 284 
814 555 155 268 761 423 850 617 28 229 
211 344 611 210 231 418 932 631 328 567 
732 254 518 311 579 512 449 599 752 164 
837 319 257 683 920 382 766 144 57 101 
465 370 501 456 447 225 359 172 130 382 
158 361 44 380 525 342 821 247 815 669 
977 798 536 944 368 949 333 736 132 195 
277 673 356 640 498 792 28 642 497 360 
485 221 470 926 360 130 783 347 839 716 
565 87 464 399 729 504 757 24 578 469 
971 391 355 268 528 874 38 338 191 208 
529 211 744 957 850 177 868 778 256 24 
564 184 852 45 281 534 585 177 646 764 
899 564 474 111 636 213 563 416 730 295 
550 61 759 962 924 35 733 862 372 191 
745 941 591 202 519 111 92 264 295 826 
223 397 906 200 177 581 113 799 453 710 
843 621 11 515 908 485 254 218 267 453 
510 60 934 37 657 30 417 33 600 395 
909 566 999 653 586 998 504 551 290 949 
770 768 335 586 658 321 632 630 885 24 
145 12 773 39 682 668 976 835 670 646 
695 52 535 152 545 60 393 723 92 658 
952 206 905 146 560 730 64 282 696 945 
690 743 860 149 423 757 690 460 875 790 
649 994 703 59 924 246 423 166 359 982 
744 49 552 229 455 248 581 39 687 481 
690 76 553 361 477 66 600 334 778 918 
495 193 907 567 423 248 225 870 494 639 
799 140 675 821 202 189 228 206 696 303 
922 242 688 729 341 751 282 755 240 802 
779 172 870 316 904 670 653 276 525 135 
848 361 208 984 459 723 304 444 980 637 
879 706 993 566 309 224 981 721 813 92 
952 93 880 11 60 821 53 606 880 127 
721 471 923 555 66 399 440 534 825 379 
723 665 281 40 582 753 405 520 911 519 
195 856 634 456 438 816 4 836 522 439 
535 982 620 350 218 675 351 387 528 165 
1 875 760 756 186 325 7 732 158 625 
811 919 264 182 363 540 173 470 792 503 
232 51 585 149 706 735 903 795 436 814 
849 109 73 115 887 714 873 333 500 961 
493 850 533 300 778 185 919 425 346 800 
943 596 715 607 124 441 103 507 777 65 
84 776 152 792 136 86 807 894 618 230 
184 799 203 212 68 975 915 242 916 803 
640 985 291 51 104 860 246 851 535 607 
144 356 202 489 695 178 254 732 695 348 
69 583 343 607 86 229 679 992 442 345 
963 310 189 798 633 26 479 951 605 969 
549 301 165 971 1000 868 502 439 843 723 
364 323 235 102 659 24 728 938 797 424 
605 929 464 118 134 214 525 664 624 339 
316 247 588 87 917 785 600 1 102 191 
926 102 981 714 976 121 973 723 48 607 
876 657 987 177 332 570 579 910 823 63 
330 167 180 773 100 348 232 984 989 570 
409 931 833 570 435 780 429 272 964 342 
805 993 693 393 659 458 729 242 511 916 
13 867 444 966 789 650 624 646 545 305 
480 286 374 666 744 535 965 813 249 233 
723 524 798 39 382 732 980 235 761 61 
612 1000 123 771 684 507 90 212 633 905 
984 731 138 760 341 600 771 441 48 617 
704 327 923 361 472 295 759 140 587 75 
849 429 478 580 107 408 965 913 610 217 
434 19 701 367 727 540 387 533 267 783 
479 388 416 684 757 90 398 611 832 631 
758 862 733 604 487 467 746 684 429 752 
759 180 721 876 925 939 675 875 78 245 
56 773 159 578 829 625 446 512 355 166 
921 593 653 161 313 823 569 33 781 427 
124 785 554 928 967 343 293 309 882 269 
115 913 888 17 246 613 379 756 912 342 
156 327 819 555 138 120 728 295 984 528 
727 175 161 385 199 821 97 67 478 156 
469 154 81 496 425 284 306 727 398 996 
958 761 74 356 769 807 663 333 199 283 
83 297 67 431 680 539 2 668 450 541 
152 136 996 655 111 549 475 764 594 303 
268 146 962 809 9 815 175 188 401 101 
195 160 157 975 125 122 598 347 696 759 
398 656 101 50 204 463 14 999 501 801 
282 995 518 477 730 285 329 261 90 582 
68 536 41 33 662 271 935 235 157 825 
73 976 117 236 905 264 644 132 489 197 
231 332 407 139 35 389 382 278 516 437 
165 968 152 8 407 522 51 292 405 809 
582 425 444 735 705 981 994 207 893 921 
716 864 10 134 166 403 903 98 392 412 
147 337 0 394 668 304 366 922 692 512 
946 624 207 610 312 360 658 684 126 213 
798 227 256 445 416 981 766 411 907 154 
458 963 399 699 673 72 397 686 588 287 
615 204 928 504 39 169 622 153 349 93 
921 349 725 643 430 75 965 927 623 392 
22 227 874 73 130 542 325 374 37 863 
408 768 348 687 670 680 164 123 504 816 
690 827 61 819 964 667 140 325 352 432 
906 94 137 725 447 226 522 345 415 785 
315 415 163 851 42 940 344 75 896 746 
941 639 700 161 534 979 286 905 931 479 
546 752 779 885 357 814 996 585 473 360 
717 178 217 443 344 478 531 202 117 908 
943 332 923 365 528 314 856 695 378 372 
833 368 2 569 702 429 165 687 144 125 
755 236 43 249 799 44 179 985 67 619 
941 790 356 313 255 187 582 165 343 298 
945 589 426 274 763 182 511 695 775 514 
255 640 506 185 356 510 293 714 623 304 
66 882 304 175 601 583 131 734 817 237 
816 748 614 411 908 225 197 798 237 395 
40 496 34 146 491 837 203 130 694 251 
710 761 71 445 322 147 497 869 515 427 
977 12 429 153 907 644 702 841 105 363 
404 516 551 847 961 477 491 328 613 973 
176 699 797 587 176 674 919 227 781 68 
383 664 524 541 556 650 996 461 453 14 
677 899 57 211 667 771 16 276 423 77 
715 839 941 136 365 424 843 169 840 775 
946 324 520 612 69 528 644 722 76 612 
487 462 427 608 818 169 595 477 546 558 
624 250 966 295 713 983 419 769 73 182 
343 162 254 549 892 816 107 155 343 265 
56 603 44 724 473 928 515 29 3 14 
561 668 143 931 936 267 905 399 918 18 
531 438 54 409 621 819 170 113 14 413 
932 617 716 252 274 240 375 678 376 438 
319 763 26 745 991 963 504 652 686 93 
555 151 109 286 787 483 757 289 453 614 
664 458 394 46 869 320 88 780 489 455 
942 137 223 370 668 23 151 422 642 250 
288 712 275 487 252 100 76 779 22 778 
379 185 993 12 162 801 692 664 701 728 
879 986 950 711 703 26 998 200 173 243 
253 179 329 387 515 55 379 374 608 416 
930 383 803 858 799 113 452 469 128 449 
639 532 580 75 840 884 140 884 6 940 
602 367 304 832 756 427 29 830 195 477 
185 531 365 315 645 988 817 43 813 148 
302 688 900 308 590 786 233 37 942 186 
620 36 288 675 899 696 242 369 146 570 
720 258 147 738 135 151 463 169 454 695 
546 965 98 257 888 673 506 802 820 723 
378 720 197 375 92 296 820 805 696 343 
815 293 143 58 324 405 780 373 954 897 
294 661 198 903 741 810 422 985 671 327 
809 4 118 489 874 436 371 845 327 131 
50 186 103 350 609 498 203 560 943 871 
561 451 167 742 99 581 916 697 526 634 
714 41 266 673 648 268 798 844 638 652 
487 903 476 94 708 752 290 926 872 702 
539 731 188 530 150 657 243 248 765 780 
741 607 390 718 782 562 239 62 287 147 
398 228 447 712 104 176 219 652 483 466 
476 72 259 454 528 418 441 468 780 142 
237 254 767 90 822 834 258 140 591 210 
877 33 605 495 417 800 879 617 881 358 
599 131 987 155 95 681 430 430 998 292 
72 131 635 361 634 813 615 228 477 360 
755 491 972 0 447 94 880 93 743 445 
74 290 939 584 195 551 45 346 135 968 
844 116 519 158 227 665 25 585 562 671 
865 769 758 466 19 846 848 233 903 764 
591 381 704 156 917 750 221 82 539 428 
669 868 725 32 176 303 554 421 920 100 
77 247 679 809 894 759 48 314 112 610 
382 292 692 182 762 453 821 863 265 423 
740 974 975 803 841 61 519 734 831 685 
697 802 417 201 748 699 540 727 505 861 
869 864 980 197 574 470 174 193 347 103 
23 883 171 617 109 221 999 850 88 153 
276 206 230 615 956 426 486 635 504 676 
673 573 269 357 320 524 631 922 682 878 
961 904 193 574 371 482 267 329 56 631 
46 944 372 505 845 351 480 583 539 435 
823 248 86 527 345 547 28 827 542 750 
73 216 354 181 500 490 659 953 181 78 
813 247 848 423 879 905 425 377 919 551 
634 266 304 115 927 986 721 138 480 218 
363 564 149 129 420 596 10 188 66 348 
635 201 327 186 736 67 53 821 135 338 
99 346 909 120 693 224 319 789 827 621 
178 9 797 387 413 82 458 805 770 406 
458 881 691 775 761 892 213 818 211 767 
378 221 616 153 572 997 259 521 611 695 
277 650 910 848 152 94 278 319 0 867 
418 279 217 28 618 613 810 348 12 634 
872 401 750 847 733 589 234 213 171 741 
335 115 178 264 297 774 553 725 675 917 
627 276 260 471 957 369 464 957 809 549 
61 810 343 505 542 871 260 152 708 971 
297 613 62 426 706 198 745 16 124 285 
501 463 94 871 487 996 626 347 743 991 
734 227 389 505 490 549 858 668 673 687 
1000 710 463 682 800 976 668 255 12 285 
310 188 621 682 138 840 451 580 289 739 
559 653 417 324 663 846 341 576 109 35 
511 6 875 989 767 742 336 609 656 536 
963 145 450 736 225 493 284 34 966 234 
513 296 503 205 504 873 731 319 165 282 
301 82 432 258 65 362 982 455 528 332 
641 575 849 795 874 535 312 489 431 29 
92 224 183 911 365 928 470 541 168 0 
557 425 135 16 213 198 351 404 451 193 
625 181 304 729 988 91 655 803 895 397 
31 234 882 627 652 584 130 736 533 593 
632 32 536 255 841 284 944 726 602 805 
613 439 125 28 139 778 18 191 719 460 
934 248 118 910 551 674 213 153 214 245 
163 273 33 273 944 612 63 888 651 299 
693 151 186 870 913 487 272 762 287 914 
59 487 176 311 192 91 565 542 771 968 
563 336 184 697 533 40 705 402 760 775 
92 885 139 482 206 169 303 993 281 436 
416 415 96 72 171 42 0 411 972 53 
660 482 711 585 856 767 351 388 945 830 
938 91 219 92 771 42 261 206 855 992 
360 644 582 34 458 582 489 262 415 138 
542 537 838 334 992 117 151 210 939 424 
488 89 643 491 210 163 270 767 892 703 
985 226 796 835 631 309 864 276 128 407 
62 337 850 371 225 185 179 134 732 431 
742 388 830 567 389 632 219 621 754 397 
333 447 658 269 611 226 78 918 91 578 
580 420 879 647 19 593 624 432 360 991 
785 768 71 918 730 602 756 494 559 48 
689 273 899 889 607 782 626 545 398 113 
878 468 477 240 735 862 867 747 505 66 
152 148 496 727 674 144 735 659 527 202 
832 466 64 425 537 824 355 943 582 326 
353 315 959 112 45 616 222 427 250 403 
902 249 998 523 770 942 241 382 632 686 
597 181 189 938 596 131 336 264 552 982 
169 748 82 782 225 79 978 690 574 690 
410 526 93 193 354 418 262 623 298 172 
986 729 177 610 987 190 898 392 1000 433 
359 201 565 847 672 787 778 21 440 812 
445 339 167 73 779 440 730 681 610 524 
279 850 291 265 957 511 882 349 966 841 
925 487 361 166 178 659 740 702 778 736 
406 143 679 89 322 807 969 610 893 143 
22 777 367 293 222 653 66 674 805 289 
876 224 730 91 757 761 775 357 333 727 
449 495 740 88 916 620 978 261 748 936 
969 451 700 389 129 227 881 283 787 751 
647 856 411 457 697 381 392 448 86 694 
606 549 633 712 920 205 447 207 404 400 
759 166 923 385 688 772 990 921 113 702 
292 877 2 343 728 2 355 779 390 674 
894 989 672 177 486 878 820 657 188 718 
566 27 171 597 528 744 722 6 125 501 
337 662 111 92 172 516 989 767 430 287 
744 927 364 807 766 395 216 109 134 361 
223 184 41 362 207 909 293 98 408 759 
878 705 164 307 898 347 184 121 620 551 
477 95 693 516 168 625 340 627 940 76 
998 298 240 231 11 818 177 907 85 174 
875 693 982 897 8 135 881 319 572 111 
914 776 503 118 821 980 152 435 493 795 
423 297 32 345 521 460 382 876 46 303 
854 665 145 155 772 73 197 288 875 734 
84 647 605 464 111 315 927 521 876 880 
228 603 432 971 362 226 606 896 762 475 
680 778 770 803 736 662 743 1 496 441 
271 576 993 897 751 106 554 12 485 316 
7 920 996 426 632 169 812 275 894 659 
188 322 928 707 225 843 145 280 82 859 
941 765 899 38 636 771 591 404 479 470 
164 988 508 510 663 383 866 36 230 378 
918 363 543 133 669 161 12 143 712 884 
790 320 218 777 321 193 728 683 809 736 
179 540 640 737 67 814 988 949 388 506 
705 694 932 981 338 311 828 965 737 765 
982 442 471 379 735 67 865 261 439 7 
226 970 775 86 998 718 77 483 97 53 
532 85 104 352 497 41 975 244 835 321 
439 680 61 834 324 3 406 361 834 604 
149 501 348 766 133 127 289 347 338 560 
896 495 498 627 920 956 980 3 661 217 
994 199 738 40 558 660 719 148 579 523 
773 767 296 407 572 910 108 350 435 433 
763 613 402 65 114 642 813 67 437 954 
417 387 13 211 801 651 807 513 982 800 
370 596 163 92 662 536 505 383 346 426 
664 460 559 478 38 60 939 589 299 947 
355 232 218 369 341 323 447 291 309 115 
154 798 378 109 48 160 527 785 452 839 
883 308 768 750 139 469 152 445 963 615 
619 339 278 874 439 518 282 673 88 859 
912 110 945 692 179 163 209 411 246 870 
111 263 178 28 742 188 788 969 847 771 
417 141 179 933 466 738 602 810 928 988 
347 337 359 893 980 640 145 636 335 354 
721 434 729 841 52 331 853 126 287 174 
460 821 866 285 442 380 999 201 263 179 
551 964 245 230 730 555 239 699 624 411 
118 753 496 262 628 447 458 160 149 142 
798 758 884 803 503 252 443 58 251 794 
747 637 674 936 574 31 562 343 95 738 
401 863 352 671 70 589 433 725 567 14 
899 691 101 464 896 854 93 823 822 431 
541 700 704 972 505 35 121 781 405 197 
310 221 121 225 115 908 1 427 191 967 
887 694 289 149 372 235 439 885 587 348 
600 109 521 819 460 544 829 418 81 903 
512 906 181 5 221 669 320 131 426 527 
501 162 18 111 983 268 388 950 750 494 
547 358 355 449 508 221 388 915 734 987 
484 640 338 655 16 131 526 880 296 6 
241 353 774 192 134 686 702 40 853 704 
488 916 926 311 382 782 107 779 625 693 
773 702 639 702 737 708 836 433 411 111 
188 339 466 15 437 475 169 179 525 431 
570 404 593 39 118 800 195 102 292 597 
602 80 519 561 224 618 881 649 271 585 
119 826 614 906 804 661 930 610 428 711 
283 831 418 803 822 383 753 808 834 605 
497 214 575 787 705 778 390 648 859 217 
431 654 160 653 526 610 146 124 973 171 
899 71 734 449 939 558 77 74 684 600 
130 301 307 62 601 177 359 230 736 322 
644 244 666 648 409 693 656 390 49 146 
638 252 391 769 320 43 413 507 990 138 
485 574 270 505 686 325 906 795 536 198 
453 578 639 629 314 702 368 925 445 6 
479 513 358 266 809 505 230 277 654 403 
406 681 766 422 136 210 202 141 302 573 
975 377 582 875 212 670 27 503 124 788 
24 720 569 923 749 464 340 83 652 661 
326 804 759 965 674 210 82 50 418 937 
929 33 179 8 879 140 981 427 294 44 
698 421 555 324 757 470 76 115 405 537 
955 565 320 972 215 76 226 900 223 768 
249 913 580 419 138 837 965 942 54 267 
265 995 555 459 889 985 687 175 983 176 
277 25 378 751 106 680 279 584 367 556 
528 552 888 949 954 570 214 186 473 548 
128 545 451 257 124 241 832 581 488 46 
848 678 850 691 714 37 902 106 279 133 
462 617 10 154 469 904 900 973 310 856 
614 851 154 534 947 671 87 678 662 563 
686 470 979 615 861 580 802 426 296 255 
766 307 598 396 457 601 677 82 346 769 
961 903 909 999 136 397 80 756 832 806 
171 611 459 175 488 334 231 114 787 661 
215 10 474 468 328 96 317 91 179 40 
220 34 309 170 409 604 312 295 127 733 
452 182 254 949 547 969 694 253 345 739 
288 79 123 169 753 573 445 679 503 569 
375 101 199 394 811 635 707 508 675 260 
591 82 682 200 797 950 590 346 143 925 
302 553 770 627 165 869 390 430 37 316 
57 852 822 865 165 121 631 187 190 939 
866 456 319 750 203 900 739 908 944 959 
985 748 465 57 360 117 95 87 999 377 
515 312 25 298 750 780 937 221 629 441 
261 873 508 224 512 790 741 665 205 274 
395 567 994 799 763 583 957 533 229 1000 
771 423 373 162 372 9 183 152 314 588 
511 461 388 13 665 705 241 999 645 318 
622 364 514 160 537 519 291 265 98 417 
8 778 205 105 845 603 77 514 130 594 
582 768 239 991 835 964 599 201 15 812 
46 407 564 822 367 881 261 0 915 506 
955 594 844 868 275 40 749 103 746 755 
314 530 986 107 323 716 754 11 564 873 
558 269 847 441 418 572 16 859 991 675 
819 359 77 841 393 403 389 428 83 901 
335 224 975 533 683 818 194 59 189 602 
748 179 80 645 666 74 982 294 904 178 
73 332 477 602 748 430 901 711 140 90 
816 480 223 351 519 254 61 31 636 621 
830 764 871 31 477 497 824 558 147 150 
514 986 187 748 116 609 542 844 980 271 
202 456 247 116 704 425 316 326 506 314 
583 510 735 252 392 72 2 109 553 893 
812 884 608 796 68 602 259 687 943 284 
126 526 724 795 436 410 754 907 953 731 
710 21 690 517 221 721 294 385 713 725 
984 39 858 249 854 332 593 13 624 568 
258 593 919 136 83 380 503 360 536 966 
336 338 112 725 335 531 319 124 544 59 
334 691 829 359 156 191 372 553 656 769 
650 532 744 731 419 25 316 514 446 787 
559 200 555 389 272 250 921 33 77 423 
999 218 98 195 84 26 863 904 454 625 
462 832 834 306 395 975 479 491 351 717 
79 159 704 28 282 399 152 470 257 388 
219 323 436 661 790 595 29 995 257 784 
383 507 855 962 65 741 432 52 622 925 
912 408 165 543 323 710 940 733 757 265 
663 352 655 100 24 488 222 785 701 1000 
355 116 397 197 583 120 572 735 669 935 
176 160 647 267 751 247 974 908 22 170 
959 684 106 374 703 872 234 609 164 480 
689 355 527 725 184 594 701 856 520 151 
420 96 707 44 104 393 931 904 652 803 
870 366 812 890 895 361 34 445 114 208 
821 388 160 929 415 54 844 462 355 162 
939 145 690 878 108 537 432 179 741 399 
614 888 360 675 191 244 787 852 941 331 
460 705 328 363 742 388 97 522 771 19 
166 462 996 875 576 188 460 375 462 644 
766 948 550 464 227 276 892 3 961 314 
310 195 662 990 495 983 475 765 850 292 
662 185 385 230 881 996 888 690 763 163 
268 164 596 910 857 5 743 27 840 624 
956 50 410 516 992 460 615 885 492 295 
316 882 262 505 564 421 233 848 435 693 
827 338 893 393 447 467 275 29 332 320 
489 596 919 201 289 86 391 264 398 696 
749 432 667 469 521 739 406 625 979 671 
766 532 809 117 847 781 626 117 793 321 
489 55 333 523 446 429 512 797 265 557 
414 605 938 658 522 125 313 520 857 638 
809 338 818 296 367 72 98 524 400 474 
357 516 762 212 355 397 420 24 846 498 
839 124 351 330 326 19 828 64 529 597 
335 451 556 360 293 629 995 685 433 568 
313 201 546 768 588 489 460 425 197 226 
271 284 127 341 646 953 899 838 388 406 
704 69 900 275 78 339 54 653 754 539 
237 281 850 728 363 675 892 65 121 772 
517 106 392 866 113 942 62 826 982 385 
739 602 798 740 283 50 856 278 935 54 
476 38 120 415 834 618 462 481 147 428 
112 452 40 832 724 519 111 53 890 911 
485 257 464 42 667 316 676 622 239 615 
74 362 459 587 705 949 488 25 237 934 
111 87 685 436 464 350 70 32 300 736 
777 81 218 189 297 805 369 865 977 75 
310 149 29 230 627 611 279 847 78 749 
673 655 660 760 503 842 28 803 469 953 
587 93 324 811 771 642 370 195 254 905 
857 374 51 556 681 993 403 281 850 167 
304 810 369 915 206 583 428 959 536 399 
149 720 920 576 344 499 685 894 230 31 
872 833 467 764 11 962 838 925 833 696 
422 929 946 418 65 722 912 14 437 503 
684 223 899 416 508 554 775 795 341 771 
565 744 750 500 712 142 602 381 582 448 
178 359 151 694 647 753 465 905 566 328 
234 247 123 977 605 888 319 932 264 35 
701 401 530 353 597 595 404 408 443 779 
755 912 696 591 885 781 824 529 211 54 
861 396 3 336 622 110 210 373 638 255 
348 521 190 321 626 351 324 812 450 650 
707 219 278 144 711 861 945 259 830 525 
626 152 885 826 465 521 711 583 360 56 
289 88 282 208 992 207 334 994 383 719 
901 477 349 789 974 821 742 427 385 878 
115 590 106 989 317 479 307 90 818 935 
559 372 220 125 91 858 881 945 544 258 
847 125 900 838 750 462 626 297 849 45 
422 168 792 460 144 951 216 733 605 90 
123 677 788 129 464 31 426 991 136 125 
274 705 228 679 642 312 379 267 470 252 
856 152 933 783 182 893 119 60 903 253 
622 383 212 244 79 628 975 8 477 908 
688 713 164 886 771 646 456 701 559 245 
353 488 423 799 607 936 177 165 181 625 
973 135 147 29 590 533 29 698 545 402 
546 286 907 740 746 293 182 402 674 776 
493 716 507 163 378 761 547 224 710 260 
644 425 103 114 425 23 995 347 25 768 
374 963 757 1000 59 807 713 16 854 633 
848 385 848 95 759 871 298 84 201 105 
218 419 883 848 57 509 475 117 978 574 
727 954 243 533 264 47 33 136 802 150 
192 781 526 351 381 499 19 143 388 188 
695 437 888 382 344 386 859 69 12 89 
500 19 949 875 36 839 55 869 743 211 
688 11 296 285 925 99 792 563 547 507 
726 192 928 49 824 312 982 548 336 977 
445 183 554 146 801 3 340 247 503 525 
468 654 331 387 287 64 603 322 20 997 
792 952 96 698 552 323 159 713 512 213 
531 879 924 504 583 476 536 704 843 806 
571 37 811 768 482 72 211 647 656 440 
82 578 301 496 414 42 625 248 74 469 
67 159 302 837 182 373 383 171 653 531 
954 984 686 612 61 394 272 440 819 453 
153 96 946 325 619 15 137 311 67 951 
321 206 773 896 30 412 97 25 46 859 
402 638 559 400 824 990 82 964 567 680 
849 957 309 769 655 448 307 390 795 202 
584 620 464 868 716 970 769 495 135 25 
762 604 548 505 280 888 563 936 839 811 
788 60 726 792 56 784 337 926 493 678 
815 274 285 312 46 890 364 110 556 267 
591 432 861 676 769 227 418 126 562 702 
686 507 886 947 840 400 51 383 136 534 
487 166 318 108 100 658 621 831 541 696 
936 148 91 480 624 855 519 612 705 713 
565 220 215 70 630 691 769 554 393 503 
135 994 519 678 992 101 183 843 450 987 
994 447 260 338 129 216 678 819 337 895 
202 876 371 448 944 898 508 348 330 443 
909 51 558 478 313 494 735 859 280 902 
248 316 548 367 994 872 317 796 453 19 
667 577 552 687 164 53 254 417 11 819 
564 379 703 285 599 386 801 173 117 50 
385 479 983 37 583 288 72 975 600 236 
33 848 199 794 366 854 358 395 396 231 
626 471 4 912 207 20 512 487 580 928 
683 586 510 235 769 440 957 432 962 73 
801 19 971 919 597 367 117 324 319 710 
521 131 968 611 974 357 16 292 188 179 
438 927 889 771 682 634 309 164 38 118 
727 259 895 79 572 784 246 675 341 532 
779 487 540 298 222 279 68 787 71 400 
467 495 620 259 440 788 958 447 106 614 
404 111 146 811 234 760 828 397 500 284 
333 764 672 388 253 913 687 870 296 509 
25 642 352 903 787 71 883 700 62 962 
984 356 705 561 537 456 184 112 775 693 
155 107 53 799 701 193 759 712 364 395 
872 650 639 260 5 199 780 868 283 236 
964 197 102 599 372 347 578 781 341 601 
73 215 355 851 188 423 981 806 439 902 
264 275 498 360 899 946 637 938 464 624 
303 30 845 461 318 265 738 670 643 373 
533 624 347 182 650 289 74 70 860 934 
462 379 713 381 835 496 399 995 994 552 
164 673 533 394 463 353 529 282 332 2 
479 650 781 834 826 509 243 221 559 488 
576 352 5 306 645 280 326 32 908 503 
934 360 765 786 527 24 546 115 897 574 
711 295 78 967 155 783 483 132 713 801 
431 523 645 911 548 401 455 460 440 401 
952 813 727 938 272 575 933 470 693 665 
966 476 612 342 556 99 932 787 444 278 
152 606 537 418 462 911 570 413 527 35 
855 75 157 849 678 663 655 992 558 826 
104 288 835 784 697 217 732 692 50 627 
398 494 308 407 85 121 873 133 388 4 
249 49 625 491 805 260 801 734 280 942 
915 522 216 84 969 465 479 561 71 168 
643 643 666 552 305 669 31 277 863 401 
23 750 153 436 902 914 996 417 319 270 
887 983 867 234 663 519 76 901 929 806 
255 50 791 491 756 419 751 823 37 692 
0 410 827 913 166 394 167 74 977 247 
873 427 827 747 588 141 176 213 484 205 
239 319 973 765 487 923 81 107 501 890 
953 14 239 382 819 731 294 438 106 458 
275 764 673 351 844 771 1 752 180 765 
711 523 895 243 553 615 72 147 46 276 
273 735 581 351 905 80 555 881 106 17 
678 834 716 415 994 706 758 813 704 88 
330 91 859 784 995 732 296 306 424 217 
727 787 284 885 655 711 294 268 323 494 
961 336 361 953 912 0 1 414 498 107 
127 126 829 351 582 988 155 26 165 660 
900 766 165 557 928 43 867 563 467 673 
32 838 32 58 765 738 731 2 827 427 
837 267 804 589 591 248 32 82 609 237 
280 317 135 758 644 368 828 61 649 945 
698 703 29 393 849 993 566 635 619 111 
376 489 167 746 630 240 826 365 842 237 
41 965 288 653 356 835 257 428 242 407 
151 957 371 41 393 893 472 950 947 146 
899 611 525 2 190 632 788 359 298 883 
462 775 150 560 230 287 539 679 395 114 
252 951 138 261 770 485 59 227 896 128 
69 216 379 910 604 732 495 610 735 196 
465 457 401 189 560 597 690 875 21 34 
210 174 656 719 610 168 216 484 761 698 
907 601 203 113 721 372 791 70 617 196 
147 130 78 455 327 140 388 435 101 738 
36 129 771 34 976 640 573 76 48 616 
460 890 265 780 656 774 260 519 577 457 
115 284 955 666 176 695 564 139 625 724 
129 539 371 930 657 456 87 971 329 324 
541 243 72 301 495 225 425 413 661 170 
595 271 197 806 380 825 338 399 823 913 
630 961 587 170 348 927 775 35 878 160 
408 159 987 620 310 581 603 191 898 142 
426 243 519 966 547 409 249 441 848 970 
90 214 735 533 807 401 252 383 237 111 
770 94 210 285 642 502 475 976 553 372 
886 685 903 967 327 54 63 848 754 860 
427 108 65 555 60 616 165 107 133 344 
554 965 111 316 819 215 55 127 177 472 
700 601 157 198 486 199 256 729 881 560 
934 700 356 559 291 309 125 663 694 33 
674 710 71 432 661 536 972 281 585 939 
756 841 189 914 696 163 220 486 737 702 
542 572 262 928 450 636 924 260 120 13 
345 135 215 90 159 602 566 150 610 445 
739 347 234 840 451 116 233 102 901 515 
616 306 205 875 994 399 901 755 247 387 
598 242 765 753 62 246 316 125 504 246 
109 689 491 879 519 305 628 149 581 121 
437 699 0 51 12 468 90 381 657 761 
79 459 67 68 553 787 738 628 631 239 
696 316 706 907 337 500 80 185 366 586 
761 425 243 16 229 823 895 703 529 249 
134 964 679 882 757 114 97 269 417 421 
98 569 14 554 296 135 933 479 764 150 
553 481 795 751 288 496 292 367 654 55 
102 554 862 778 706 970 364 48 610 425 
855 73 671 377 893 146 978 66 879 133 
329 527 510 555 460 303 147 512 711 280 
817 221 226 711 735 104 839 223 444 576 
20 837 814 405 472 788 471 928 492 809 
450 324 978 814 724 597 672 75 579 795 
153 523 458 935 609 297 842 237 746 972 
236 443 320 217 352 670 819 667 851 795 
574 857 13 707 438 439 271 891 3 964 
649 559 993 261 320 717 642 430 297 180 
19 12 753 208 61 79 553 32 954 936 
754 557 574 98 871 929 351 872 95 847 
149 675 895 516 285 485 61 281 555 456 
298 130 231 2 135 555 551 311 941 76 
347 7 958 709 144 73 762 377 594 354 
978 368 658 106 666 360 969 86 499 494 
455 778 375 969 360 773 303 844 483 587 
506 364 325 429 397 99 219 676 205 180 
618 1 970 490 399 58 51 159 0 816 
671 744 824 323 859 470 307 773 764 281 
982 274 37 763 279 258 639 440 401 41 
15 735 79 587 435 446 134 195 502 683 
366 218 578 629 665 55 915 57 266 208 
412 95 844 582 967 309 565 962 89 103 
67 535 514 446 349 540 266 390 200 550 
516 928 105 759 675 159 961 434 738 256 
941 703 525 100 263 661 450 831 993 562 
910 822 560 26 686 887 238 106 395 160 
12 381 167 907 231 479 568 28 614 948 
441 551 235 876 840 866 685 77 675 420 
563 102 648 154 383 817 334 414 122 154 
765 251 724 645 697 458 644 285 793 851 
867 13 281 41 725 129 874 695 758 444 
381 803 224 284 804 5 368 818 423 587 
693 330 936 661 737 23 728 722 962 397 
16 717 36 817 31 779 499 212 938 408 
868 985 989 736 898 776 359 210 821 554 
627 732 943 460 669 321 508 599 210 484 
626 569 767 945 826 612 539 595 191 65 
679 479 396 663 343 361 442 108 763 796 
944 358 854 471 151 743 389 886 201 616 
781 785 248 104 61 675 615 311 656 781 
456 435 411 988 792 420 519 662 642 467 
349 142 172 581 437 309 349 463 309 170 
262 871 780 412 856 636 123 826 659 637 
204 634 700 18 730 64 268 319 244 979 
319 60 297 843 406 416 217 728 87 536 
265 328 283 371 580 111 580 68 647 348 
489 950 930 169 638 344 623 484 273 524 
144 660 47 472 150 678 979 571 991 573 
69 501 179 687 135 764 510 69 196 1000 
636 845 833 455 28 152 281 760 326 558 
323 943 840 743 713 973 912 123 630 995 
370 485 159 139 263 930 193 93 805 344 
863 149 485 954 663 436 53 837 744 372 
653 442 154 537 727 969 817 884 603 162 
808 106 581 845 418 53 98 560 914 508 
638 570 859 324 551 74 536 527 682 410 
379 608 554 263 566 948 278 524 149 832 
85 676 513 982 344 705 970 570 864 550 
312 672 770 687 929 253 52 208 670 476 
961 836 839 691 688 282 94 678 738 525 
17 754 202 141 337 798 371 61 584 839 
474 812 826 815 791 389 207 730 278 790 
629 666 558 944 154 567 966 811 152 359 
786 646 720 775 877 310 23 335 125 969 
950 876 360 783 245 870 665 172 316 155 
88 36 126 858 798 70 327 579 919 435 
101 301 985 456 365 542 533 415 165 195 
192 381 565 324 692 360 963 180 747 223 
272 925 387 375 805 257 242 631 139 690 
148 954 285 322 672 965 482 354 677 968 
240 133 675 904 36 637 607 192 120 907 
983 830 700 71 743 521 629 185 910 23 
206 827 399 465 952 484 223 85 431 128 
458 466 663 211 577 440 133 742 458 234 
553 842 926 897 255 671 289 36 146 435 
711 930 252 926 942 920 134 430 240 864 
365 928 590 491 630 738 314 886 709 810 
654 741 702 90 914 253 817 805 921 451 
773 808 243 460 200 879 174 55 18 858 
732 408 466 794 643 599 951 732 878 730 
780 754 970 218 154 921 609 935 964 679 
865 98 988 71 711 411 983 777 328 49 
672 873 810 250 494 532 480 308 934 934 
140 240 62 591 650 110 940 170 626 775 
673 996 515 129 511 565 961 448 332 389 
906 762 157 585 551 258 309 7 657 972 
725 500 975 320 148 386 169 457 461 296 
277 383 848 929 57 323 773 179 431 150 
393 608 635 238 434 128 917 849 936 44 
750 500 139 630 257 335 831 276 872 587 
0 581 116 188 697 44 44 375 19 15 
521 914 357 287 296 432 761 663 50 103 
433 183 343 821 945 721 174 463 585 318 
830 784 107 525 128 463 450 547 663 674 
65 678 720 102 630 225 204 867 279 508 
569 135 795 141 540 330 51 456 794 775 
231 657 854 685 111 948 413 605 411 127 
666 178 973 401 450 981 175 342 45 980 
724 573 774 577 398 450 386 29 436 28 
688 847 343 193 517 24 104 483 352 382 
116 759 144 93 46 332 225 653 765 885 
366 328 229 688 383 931 502 757 731 248 
281 313 840 334 76 109 330 44 914 411 
436 807 123 115 964 168 488 892 50 962 
426 903 492 334 346 598 181 362 663 568 
451 819 249 548 446 289 364 369 135 863 
321 660 572 760 534 996 268 190 652 671 
841 908 537 26 784 111 144 795 592 798 
441 192 373 553 339 507 386 545 603 383 
69 351 467 364 807 705 364 909 113 186 
564 91 305 646 981 242 562 371 529 627 
321 876 957 329 364 536 968 403 43 215 
944 858 189 60 697 49 98 834 976 449 
549 718 767 772 301 253 728 963 63 178 
340 20 505 481 11 737 389 414 624 70 
718 789 596 602 47 627 965 622 936 855 
499 198 218 215 245 187 598 512 453 1000 
279 328 133 389 581 688 174 529 23 122 
910 629 14 815 597 210 793 23 111 47 
319 111 538 195 948 552 71 335 409 330 
367 620 394 268 413 309 735 528 412 856 
160 988 452 433 819 490 827 526 429 447 
440 615 531 65 946 865 614 728 216 240 
702 624 540 888 463 26 333 792 514 671 
216 456 731 438 671 823 699 675 710 467 
702 869 591 955 250 179 760 350 468 647 
608 621 308 912 813 769 933 743 90 446 
269 121 306 348 521 364 961 900 758 667 
17 390 278 241 263 410 228 758 242 296 
55 152 743 865 793 853 611 844 13 998 
754 168 819 265 867 944 405 266 91 598 
289 471 803 508 246 291 20 883 692 444 
559 974 179 703 392 753 33 174 321 919 
284 589 202 891 951 553 4 449 507 526 
749 541 28 213 298 12 390 432 65 374 
10 663 874 396 183 753 176 291 670 695 
350 270 689 856 184 534 625 160 647 229 
853 649 645 324 539 140 333 224 62 709 
359 795 320 642 697 66 109 566 66 356 
313 43 904 78 740 399 622 642 293 654 
972 146 49 757 480 72 237 57 155 479 
6 649 466 789 233 163 114 504 476 946 
368 207 398 336 358 721 694 719 666 752 
395 337 683 635 278 259 633 418 661 653 
253 411 318 213 585 257 765 635 632 392 
799 153 119 537 349 233 291 194 907 242 
845 989 667 282 545 293 637 998 61 587 
670 286 731 647 332 115 464 914 577 458 
10 40 323 950 249 112 442 550 15 536 
157 361 806 482 150 595 877 968 782 513 
349 381 805 337 525 400 988 708 512 702 
944 10 307 868 594 380 3 608 160 585 
780 919 172 937 75 221 650 746 288 599 
860 621 706 417 675 317 480 437 711 308 
550 452 303 226 70 723 67 640 309 863 
921 377 697 131 563 333 712 585 496 512 
386 182 879 950 741 799 564 955 204 343 
704 244 440 958 200 648 749 846 114 764 
441 772 983 355 580 726 40 467 517 464 
58 370 481 836 914 181 33 197 462 321 
693 866 607 424 471 212 288 156 393 981 
371 282 734 253 130 170 644 175 218 864 
773 220 181 668 948 488 680 717 479 220 
228 105 113 528 713 392 198 975 796 544 
801 809 7 985 831 207 681 995 517 767 
816 328 826 613 690 693 700 971 229 345 
285 257 952 616 759 425 247 743 357 587 
812 80 900 784 888 680 872 714 647 289 
25 886 80 613 433 92 577 525 821 785 
422 32 95 0 60 384 461 432 501 41 
636 579 439 846 327 803 886 97 713 223 
229 755 603 445 243 178 410 703 415 715 
774 990 201 792 890 601 175 36 11 586 
515 702 257 135 60 893 621 138 550 378 
909 51 3 823 179 744 921 416 444 20 
608 501 99 372 490 135 513 411 852 88 
362 123 209 919 756 738 317 898 790 832 
304 869 885 739 204 318 817 884 509 953 
423 241 552 103 212 348 735 65 451 766 
831 384 597 81 371 171 14 596 520 291 
696 619 536 893 343 608 324 440 229 160 
904 720 551 786 178 617 524 929 630 659 
786 252 589 525 229 922 874 930 499 13 
153 364 229 594 230 515 464 660 257 389 
599 511 420 120 286 107 800 290 998 399 
913 939 920 572 527 878 788 956 590 858 
435 168 182 162 577 613 567 517 654 296 
544 509 941 127 457 955 830 717 12 415 
546 610 600 52 29 121 543 804 829 569 
539 837 269 746 397 810 66 958 424 891 
852 897 307 952 473 512 942 818 147 803 
915 901 486 765 606 344 50 142 17 692 
384 857 718 180 700 829 163 544 184 934 
724 331 235 157 742 474 936 44 622 194 
596 449 307 148 912 561 230 727 313 246 
477 60 828 743 103 434 878 113 57 424 
545 229 744 696 260 204 311 407 865 575 
214 397 866 130 344 2 733 464 913 41 
30 636 385 392 490 69 960 904 446 454 
757 28 887 154 277 161 771 167 654 896 
949 736 219 451 522 742 37 540 188 866 
61 6 503 844 815 331 692 67 522 390 
50 254 501 241 1 861 135 882 452 666 
90 116 86 661 323 26 940 212 511 697 
545 371 468 939 860 658 191 558 765 589 
918 952 503 528 203 20 573 754 40 430 
842 473 482 609 817 596 977 414 769 557 
389 53 199 209 103 202 695 556 456 697 
393 783 873 884 78 940 742 467 917 111 
332 563 877 756 774 698 938 429 258 700 
166 466 217 828 967 777 877 676 62 83 
513 683 40 613 319 794 657 426 591 672 
19 983 665 728 390 589 478 143 333 529 
154 901 254 551 282 575 10 55 15 945 
377 509 650 618 148 602 26 669 790 988 
328 925 260 283 452 105 245 670 165 516 
150 162 428 377 580 640 399 486 174 866 
483 28 216 141 929 710 39 463 53 651 
843 414 404 468 192 860 143 296 170 723 
435 570 88 937 595 822 566 4 341 144 
664 393 708 177 781 55 102 926 974 222 
245 182 421 186 555 777 704 924 402 119 
378 855 818 30 212 272 635 146 962 774 
63 810 805 979 961 412 275 632 711 331 
217 680 913 31 375 399 332 147 225 429 
887 198 363 646 219 71 102 357 740 93 
832 562 122 790 864 755 673 891 720 288 
630 932 888 269 322 139 823 701 802 193 
573 220 313 247 315 803 2 130 832 456 
504 210 1000 315 264 19 10 144 853 746 
493 786 664 508 565 963 852 103 611 632 
904 439 657 434 900 103 188 103 621 800 
122 446 591 764 26 291 763 490 871 505 
57 332 189 799 729 21 309 724 20 417 
100 527 291 854 379 967 938 602 147 423 
325 120 814 354 305 819 575 861 133 752 
939 121 774 423 970 846 773 159 365 176 
577 443 397 441 907 763 397 588 182 24 
431 150 972 58 483 390 580 456 380 747 
532 399 791 320 907 967 438 630 141 855 
106 404 751 492 282 914 269 217 451 192 
478 493 451 444 227 39 611 168 701 558 
148 254 384 183 633 14 31 712 420 564 
511 467 151 829 581 568 585 96 409 808 
501 780 509 77 378 93 389 692 11 725 
919 338 215 251 79 106 244 390 701 85 
789 359 826 800 154 779 714 626 502 490 
844 107 550 351 66 779 965 869 306 489 
212 551 321 984 816 33 494 281 48 153 
359 256 425 6 97 539 549 90 959 775 
873 552 722 388 149 887 609 145 92 297 
149 972 140 599 456 656 516 190 217 636 
501 607 685 680 553 513 123 977 603 369 
632 932 197 397 396 833 276 962 891 753 
320 463 969 732 62 684 904 441 546 135 
373 694 654 11 393 567 568 964 641 804 
461 946 969 651 679 988 330 320 340 440 
97 647 292 110 174 974 111 301 734 995 
918 924 424 406 300 369 698 202 321 328 
505 543 138 342 530 476 759 566 262 612 
359 716 518 27 801 506 123 672 102 323 
329 245 841 661 460 851 128 794 552 55 
74 844 106 524 823 993 944 546 624 637 
872 906 778 46 260 423 919 230 392 546 
377 881 684 827 355 134 749 984 457 546 
902 529 653 800 274 889 173 750 690 573 
503 527 228 162 387 653 727 577 542 123 
535 176 703 105 923 261 601 645 85 85 
354 808 976 437 40 235 616 267 486 746 
693 456 940 170 985 421 582 992 384 977 
175 693 696 151 62 72 606 691 51 831 
328 433 591 818 595 635 655 735 464 764 
16 38 344 656 925 322 199 36 329 734 
432 14 131 432 911 526 627 672 401 81 
470 521 804 116 961 44 259 165 746 337 
779 408 139 828 945 195 935 684 817 824 
98 34 72 961 797 388 379 757 44 769 
327 961 307 846 452 81 202 100 881 398 
381 342 941 323 391 998 650 732 830 536 
395 991 793 856 988 619 414 406 932 197 
181 897 951 855 90 353 979 96 848 329 
997 295 272 366 387 374 486 334 910 503 
37 304 35 564 826 474 41 504 452 684 
89 752 185 782 950 733 127 304 679 932 
867 428 473 365 328 915 974 960 903 491 
55 477 979 439 870 782 630 207 573 702 
491 872 492 540 645 92 706 757 674 293 
886 625 201 358 828 215 979 138 760 543 
931 726 184 686 559 950 35 660 550 333 
662 471 413 309 272 136 187 709 627 891 
384 350 230 196 148 219 206 777 987 477 
111 707 633 629 288 772 132 481 620 454 
188 505 790 857 295 595 440 405 580 461 
678 122 790 442 769 427 168 935 289 977 
340 948 496 167 537 588 232 567 200 715 
318 901 570 799 911 88 110 129 732 147 
193 759 312 382 280 764 781 798 717 550 
236 560 802 173 842 162 840 279 568 718 
618 276 115 291 923 504 67 407 959 363 
725 593 647 841 624 854 264 982 474 811 
404 998 323 414 510 679 591 348 636 962 
57 661 276 926 399 697 749 964 755 666 
953 810 541 598 204 627 218 134 146 850 
627 437 345 103 155 749 953 446 378 671 
778 10 958 944 2 186 90 492 186 771 
791 197 402 914 679 22 290 165 272 780 
22 815 734 354 599 80 588 469 451 910 
274 668 859 351 847 212 765 676 38 272 
63 325 808 999 113 671 753 107 353 92 
344 935 272 896 943 6 798 762 279 937 
392 965 477 459 408 517 144 158 957 909 
534 736 380 965 623 882 854 175 560 330 
633 200 277 358 692 783 881 830 796 589 
199 701 206 352 738 226 663 978 795 974 
62 281 371 289 494 993 777 243 507 27 
161 292 793 887 941 48 484 216 99 368 
817 163 294 380 858 195 380 295 446 102 
394 613 775 524 186 390 891 461 408 871 
431 111 432 506 938 467 285 434 910 904 
363 804 143 872 502 141 944 318 670 40 
212 699 350 638 115 348 217 49 876 508 
744 614 722 443 855 4 121 61 787 18 
432 458 844 988 93 450 81 771 444 624 
91 226 606 495 626 805 8 241 756 86 
89 476 646 157 980 731 177 785 347 129 
503 21 600 749 540 721 990 482 658 278 
691 556 280 476 607 964 440 224 96 835 
519 869 252 800 530 657 156 529 442 130 
494 939 669 433 324 104 78 11 30 285 
830 636 4 796 242 247 495 248 314 99 
529 977 17 230 428 221 554 724 187 406 
532 611 258 389 769 432 610 771 112 35 
856 188 878 821 847 871 305 493 681 964 
867 901 616 824 585 362 815 399 589 789 
109 568 758 365 686 470 508 815 135 318 
812 769 696 142 325 195 956 929 830 580 
9 641 166 349 621 878 430 418 208 118 
456 218 35 789 255 133 222 214 972 446 
209 278 384 620 71 848 932 148 828 493 
489 756 140 738 830 290 246 115 582 454 
782 859 925 33 448 876 81 401 948 582 
366 302 107 674 861 602 604 165 597 605 
590 247 543 325 8 990 322 905 268 746 
767 652 904 177 616 443 374 526 622 702 
709 648 801 841 569 230 535 645 69 948 
80 162 50 241 750 513 70 243 956 447 
716 542 945 789 188 126 430 553 163 717 
781 625 535 682 110 762 430 705 570 520 
273 848 738 350 515 756 973 66 242 90 
284 775 719 92 574 363 536 52 715 15 
76 478 273 766 234 936 99 616 421 296 
733 687 3 255 884 646 35 970 888 616 
923 849 879 243 381 401 115 444 998 181 
505 704 265 589 135 457 507 233 128 178 
33 163 52 660 398 195 24 646 644 276 
920 363 869 160 410 552 230 102 512 88 
941 510 359 946 913 511 38 894 347 366 
226 532 70 949 483 389 585 515 977 657 
240 267 588 629 620 185 970 957 715 165 
75 499 965 949 860 791 799 768 211 511 
309 734 901 608 974 489 373 312 18 176 
510 987 94 891 690 967 232 958 384 892 
862 80 868 34 126 162 954 138 855 179 
237 213 227 245 326 501 134 604 424 172 
400 629 197 970 771 820 529 485 249 315 
697 118 239 523 488 898 906 333 811 44 
519 646 74 784 733 192 19 867 761 157 
392 534 533 730 123 1 961 68 798 83 
532 635 791 429 375 951 289 215 316 179 
359 437 802 440 880 591 61 272 321 407 
790 872 620 357 283 896 978 1000 910 436 
993 27 88 42 29 567 175 929 619 868 
479 353 714 699 510 297 892 36 198 131 
700 497 897 747 968 879 883 442 971 932 
434 198 243 748 757 428 809 415 488 310 
3 169 158 14 689 281 966 177 978 909 
7 904 860 212 731 683 644 416 169 200 
758 716 608 704 743 990 135 104 118 832 
288 353 464 387 540 711 801 638 945 658 
610 380 318 667 644 59 744 921 641 925 
552 494 904 874 967 71 687 240 814 803 
255 89 6 248 916 948 365 38 975 733 
128 617 277 709 899 32 391 308 116 787 
794 487 694 622 17 478 382 549 793 382 
536 461 1 27 931 819 760 237 835 10 
214 943 930 3 660 573 341 352 230 879 
975 486 204 542 524 472 110 932 765 51 
807 993 76 125 502 24 539 702 982 52 
558 504 951 153 570 534 732 251 429 743 
271 845 764 873 118 919 55 398 222 414 
577 910 890 10 716 953 55 710 424 849 
642 452 440 176 2 938 417 219 964 66 
104 658 840 177 75 289 333 502 747 706 
531 99 652 789 768 234 594 73 914 943 
401 736 637 201 828 248 877 1 786 368 
74 832 85 521 749 171 318 598 307 563 
223 543 461 652 276 589 366 89 964 54 
548 300 258 615 503 842 994 588 543 952 
140 194 861 464 157 799 372 355 398 523 
380 972 391 399 771 944 958 679 288 221 
99 280 681 374 942 671 77 350 488 47 
401 565 331 893 899 539 106 933 541 698 
452 414 873 406 270 181 168 680 243 394 
707 455 338 71 550 26 384 230 351 904 
359 954 698 286 433 477 791 861 794 228 
247 212 205 615 606 969 322 412 815 165 
437 901 20 871 526 215 410 632 908 46 
56 130 107 852 926 466 935 703 174 425 
260 152 521 563 412 893 743 840 417 942 
222 49 607 145 387 411 164 979 29 336 
503 835 40 258 867 850 913 65 88 901 
858 550 575 759 693 521 803 67 993 252 
203 782 97 602 866 796 464 139 401 919 
117 76 236 688 661 963 652 610 930 479 
111 824 621 104 576 939 277 194 608 631 
432 380 904 376 518 507 572 656 601 481 
339 284 987 537 131 332 401 274 971 267 
762 971 497 88 973 47 35 836 835 954 
188 117 391 377 650 208 54 950 800 368 
741 54 514 860 970 486 647 271 783 264 
815 36 939 14 341 877 145 766 728 700 
723 900 240 48 23 481 808 261 287 848 
718 211 795 711 741 580 247 367 254 938 
99 787 641 542 447 697 352 607 96 330 
291 428 39 881 274 737 177 123 963 254 
662 58 708 887 801 389 617 447 811 855 
512 627 880 858 244 283 939 26 72 391 
225 623 237 168 212 267 883 277 261 18 
763 492 828 350 480 773 312 958 687 183 
211 624 28 237 212 127 413 371 16 229 
156 176 157 870 520 912 257 831 377 753 
865 569 504 983 147 427 822 855 978 779 
102 978 374 298 682 618 252 887 95 786 
496 33 219 122 570 6 934 699 140 604 
499 658 995 951 624 604 527 20 911 607 
89 973 814 662 35 368 658 343 858 374 
630 656 948 619 245 741 688 173 553 729 
662 378 286 456 296 809 354 550 748 276 
556 73 346 239 232 363 651 389 197 193 
620 756 37 548 394 487 921 427 354 112 
143 855 971 420 633 100 351 29 331 439 
576 112 81 274 207 527 447 571 369 222 
705 175 473 365 474 985 592 933 455 596 
416 212 64 123 525 135 910 567 338 802 
387 387 196 270 755 530 430 510 431 312 
633 381 266 591 793 274 337 759 227 639 
187 829 721 178 551 717 543 710 129 564 
174 928 121 138 529 425 615 91 987 346 
185 128 622 974 975 15 983 826 915 6 
463 429 439 474 918 561 625 333 185 173 
183 472 994 631 529 700 16 118 648 540 
791 657 595 451 85 227 447 856 332 751 
785 613 493 756 606 240 481 73 154 392 
945 44 546 192 276 482 542 100 275 223 
244 422 315 152 187 795 403 341 58 82 
58 365 896 386 904 350 40 890 57 604 
255 404 286 865 569 183 628 812 619 43 
475 385 253 868 195 256 537 723 268 265 
466 31 826 217 405 703 104 828 39 513 
148 946 119 854 43 938 487 188 341 835 
124 989 649 235 947 848 103 294 978 179 
225 249 751 99 307 593 504 328 361 394 
521 455 931 145 118 620 140 313 804 178 
784 84 503 366 103 943 561 330 672 921 
76 50 413 320 628 446 398 446 687 681 
567 253 111 439 109 723 196 224 134 475 
573 863 401 355 249 602 246 246 903 915 
320 331 443 391 577 918 53 96 372 673 
939 374 313 140 94 626 699 595 986 147 
499 566 173 989 18 884 743 110 107 375 
11 68 284 562 848 821 982 998 27 682 
67 945 134 573 408 700 606 762 809 227 
969 153 4 69 901 44 900 2 662 805 
55 571 400 223 914 199 791 411 477 675 
133 199 727 51 281 88 522 746 927 920 
382 211 774 561 768 127 108 200 799 211 
174 727 358 141 530 387 887 73 714 770 
750 175 873 711 408 195 343 832 821 391 
10 639 146 447 806 251 502 388 722 982 
8 125 870 335 181 722 162 712 761 328 
599 665 146 963 412 522 101 926 547 76 
425 358 582 827 843 205 788 161 166 942 
680 97 636 90 225 312 723 829 235 171 
821 510 107 933 81 910 237 845 900 502 
947 563 168 372 621 580 819 953 405 556 
536 954 984 756 467 878 438 104 326 490 
646 520 124 511 723 246 647 610 741 249 
640 671 926 446 861 446 804 871 809 901 
860 439 238 829 972 295 995 218 794 199 
131 604 931 813 822 540 676 685 159 698 
84 123 289 929 293 740 932 558 854 51 
176 178 454 260 18 777 376 171 816 865 
539 466 290 389 68 740 616 629 878 641 
404 237 411 468 36 301 53 672 56 129 
182 910 629 852 611 696 171 309 422 920 
340 500 243 826 135 482 969 543 797 477 
702 294 250 917 933 253 716 133 866 439 
679 62 964 194 417 442 322 25 640 180 
192 21 5 954 473 915 741 511 81 807 
259 982 461 415 374 825 278 934 530 531 
792 588 756 421 640 118 833 293 190 349 
697 431 115 534 589 929 367 244 440 317 
903 517 104 884 976 672 406 175 730 532 
370 774 33 491 784 194 889 40 591 11 
952 718 577 659 226 601 103 832 755 959 
732 959 945 481 987 553 221 405 346 958 
507 433 583 213 273 342 667 191 466 893 
40 728 458 640 398 826 817 957 856 726 
463 307 309 365 570 918 271 135 371 766 
114 976 290 492 841 730 156 43 242 384 
978 235 334 336 771 644 261 858 616 417 
571 216 334 970 9 778 217 328 406 113 
992 699 956 414 409 872 646 252 832 302 
267 778 126 464 675 155 667 539 624 447 
809 99 578 160 981 94 945 904 905 26 
569 185 560 606 537 672 466 424 723 431 
727 367 687 27 757 862 30 275 294 581 
721 823 446 26 609 707 223 150 516 479 
851 537 291 17 448 915 204 394 269 248 
515 680 900 852 577 345 520 412 412 564 
935 855 18 332 459 84 283 682 676 395 
656 407 791 963 196 209 368 717 697 384 
217 109 253 303 248 328 837 187 260 703 
1 728 188 571 642 902 56 583 968 766 
10 668 257 581 406 628 424 157 67 25 
635 572 928 273 659 685 160 315 184 958 
710 741 283 254 847 361 357 948 589 401 
935 962 344 699 237 80 341 665 317 974 
708 74 634 632 76 574 771 866 295 973 
114 974 740 457 900 911 545 324 557 835 
938 285 589 661 883 401 865 349 999 46 
860 531 346 790 245 410 554 429 559 328 
217 809 632 306 881 998 805 242 256 61 
777 649 440 874 234 346 272 737 75 973 
429 243 855 331 95 985 917 478 760 348 
887 959 923 230 328 402 983 223 674 551 
967 164 991 121 128 945 741 810 219 473 
619 975 219 27 382 803 918 45 647 195 
142 124 959 732 597 488 380 344 602 679 
469 45 175 853 524 950 957 803 364 130 
741 930 891 574 46 590 229 360 429 576 
15 102 332 307 641 62 506 261 989 302 
863 567 876 157 752 517 183 958 955 406 
642 737 608 978 640 300 63 106 606 266 
308 434 374 681 442 286 522 392 569 316 
563 998 327 948 656 556 661 560 347 584 
904 942 272 613 948 947 935 630 855 98 
757 325 964 520 426 620 422 396 904 61 
612 706 594 264 439 777 329 120 375 462 
389 825 268 521 66 188 590 357 594 846 
938 368 451 937 272 709 889 726 674 985 
692 215 686 153 31 31 189 265 106 48 
242 68 705 715 238 494 813 454 804 526 
813 965 908 980 476 41 248 924 60 505 
547 768 142 648 65 801 37 158 659 153 
353 622 589 851 831 442 657 719 979 153 
376 458 416 239 742 885 923 54 567 756 
420 470 861 175 428 849 378 614 651 390 
891 437 845 210 725 35 3 299 907 684 
184 197 867 801 666 140 664 441 78 373 
329 961 659 110 789 975 138 307 972 233 
424 158 297 117 38 343 129 612 839 654 
906 964 886 608 205 201 408 531 175 114 
662 950 514 602 822 372 76 791 368 9 
406 68 425 431 109 228 574 300 322 656 
342 828 529 533 984 539 988 204 773 291 
109 377 272 988 529 992 958 624 895 182 
52 264 634 37 394 106 583 578 27 211 
829 951 437 918 977 655 487 758 210 170 
741 94 376 802 196 77 68 48 181 611 
379 399 647 349 235 277 326 970 785 561 
129 268 988 977 906 465 739 830 733 559 
537 643 502 846 62 487 487 771 353 280 
876 508 631 974 607 859 347 909 264 459 
147 267 546 959 929 664 236 510 16 806 
798 18 623 372 916 29 51 227 98 734 
394 521 213 270 82 828 208 110 640 304 
412 735 50 220 960 207 397 127 480 565 
856 266 465 664 519 699 832 440 691 258 
460 123 257 194 981 303 893 960 927 333 
919 637 954 37 638 646 954 954 663 403 
98 694 863 481 170 23 725 977 973 348 
747 258 936 242 88 713 716 282 907 838 
477 976 301 550 594 956 823 893 115 319 
127 172 764 723 163 493 98 213 806 198 
457 37 424 556 340 381 18 672 70 72 
289 111 639 202 864 263 46 826 442 627 
786 984 98 690 736 8 136 126 119 380 
965 991 31 472 509 136 36 515 50 428 
423 697 92 664 511 185 191 269 290 207 
367 789 192 70 171 187 43 212 500 270 
556 304 935 252 9 133 170 377 258 718 
202 365 167 506 405 671 171 49 455 674 
729 633 691 403 678 932 874 714 120 904 
285 167 495 666 760 468 254 569 77 59 
215 945 796 686 5 228 478 607 519 237 
393 995 873 911 490 147 932 380 510 121 
200 358 834 581 845 248 733 984 538 35 
460 805 131 487 527 955 331 836 161 114 
703 361 141 597 383 286 356 703 558 24 
439 195 30 633 523 418 468 580 4 264 
325 344 556 679 765 709 476 720 378 610 
552 582 478 89 569 285 639 649 952 629 
863 698 545 934 446 815 862 559 779 127 
31 108 499 770 646 638 465 445 792 961 
666 396 750 982 617 2 309 663 447 210 
264 321 895 351 465 263 372 43 338 359 
306 472 164 233 255 325 903 904 261 301 
107 233 624 986 580 938 568 767 698 683 
109 818 432 741 818 892 516 849 33 312 
437 367 595 565 756 811 248 33 920 95 
308 315 393 390 813 767 633 447 915 441 
996 247 398 461 726 984 497 652 864 620 
953 484 342 631 135 960 879 687 617 16 
372 382 785 749 609 560 311 801 752 922 
489 106 695 235 984 551 167 312 44 478 
13 955 387 564 701 600 695 300 28 170 
94 887 185 141 902 313 33 461 32 489 
391 83 275 693 797 443 220 395 471 648 
55 608 515 500 577 196 248 10 486 921 
888 504 835 960 618 183 885 294 704 832 
24 36 698 896 814 68 238 226 69 69 
385 142 252 574 318 619 564 859 731 454 
239 252 15 813 109 84 999 729 479 341 
840 710 788 55 946 115 863 769 294 232 
469 545 981 596 890 783 109 368 282 836 
734 279 357 790 486 60 98 973 763 713 
256 84 663 148 909 186 381 643 465 775 
993 68 538 768 91 16 500 64 65 69 
388 646 73 593 357 560 964 255 790 767 
688 667 996 807 848 567 818 17 495 342 
923 773 256 823 899 826 642 892 712 213 
507 38 666 872 855 971 82 561 300 799 
880 503 799 718 934 74 432 52 279 717 
252 810 525 524 206 352 314 547 43 53 
87 401 356 825 696 447 925 717 134 39 
587 18 713 871 349 555 851 977 892 687 
172 272 890 468 430 199 906 520 129 942 
316 558 359 55 350 762 271 645 231 318 
67 239 579 74 239 648 504 120 126 181 
908 916 877 892 602 369 10 127 96 896 
488 911 72 710 50 377 582 811 763 602 
507 29 501 903 713 748 827 281 748 409 
769 881 772 538 382 325 104 252 157 802 
140 225 360 754 189 633 886 632 416 94 
378 233 618 617 750 385 56 121 495 587 
994 554 179 725 773 667 911 378 395 142 
701 389 48 472 171 223 756 522 62 386 
209 633 81 163 477 585 235 915 53 621 
622 237 702 463 54 264 773 96 23 591 
840 305 544 807 165 911 191 387 637 440 
826 451 690 929 310 803 386 870 102 164 
540 882 451 897 798 215 21 280 66 238 
19 236 394 184 60 141 14 875 898 262 
663 261 537 358 929 544 427 343 316 356 
378 960 83 174 289 420 282 159 182 962 
434 455 421 711 765 775 917 248 728 888 
869 582 851 247 895 579 803 893 997 249 
103 137 578 526 792 676 217 525 108 75 
830 493 482 759 85 986 82 837 751 479 
941 791 793 13 245 979 619 99 594 248 
929 644 722 291 849 115 658 313 495 729 
972 731 35 628 614 359 684 248 208 299 
830 953 280 443 958 962 479 928 642 119 
17 64 49 254 700 957 325 935 24 499 
449 353 612 122 696 322 787 705 425 507 
320 127 872 424 76 788 830 689 483 860 
195 593 975 880 47 136 464 224 567 686 
280 227 771 139 705 32 199 326 955 109 
629 787 76 150 365 865 829 263 48 83 
242 88 312 645 518 621 562 915 676 779 
976 939 81 369 611 611 129 804 212 6 
129 73 447 200 800 502 80 2 112 347 
673 679 306 112 733 977 856 179 287 992 
486 225 907 661 18 553 988 880 880 280 
427 806 240 116 903 843 243 107 532 663 
415 597 583 695 578 96 30 309 785 845 
164 949 182 682 77 435 499 632 535 137 
526 349 534 469 900 2 994 798 627 924 
609 831 402 688 943 412 468 434 617 756 
251 865 465 59 430 220 735 50 237 893 
43 582 239 963 536 168 957 406 131 810 
630 689 961 69 258 149 481 178 487 221 
890 124 488 625 690 101 531 199 738 780 
356 536 771 958 893 821 806 815 49 343 
472 988 20 832 533 725 942 886 530 225 
361 979 39 318 586 268 267 167 203 802 
25 195 909 447 113 920 273 643 511 370 
871 879 122 412 578 864 621 626 20 858 
48 720 720 431 911 57 644 234 228 888 
593 648 446 441 499 694 888 455 62 830 
380 962 342 254 796 999 568 88 92 988 
682 543 775 617 493 218 739 612 281 629 
296 236 594 527 285 105 17 925 106 610 
93 810 4 287 357 492 317 730 872 201 
962 322 166 94 445 224 78 529 281 632 
729 747 705 153 155 341 629 98 851 504 
463 343 493 880 852 843 738 870 215 145 
160 713 589 178 730 897 383 268 392 661 
37 431 566 191 848 664 984 814 399 449 
272 781 838 445 605 215 592 200 214 601 
764 804 170 287 18 812 691 441 518 565 
379 720 168 632 301 518 248 971 308 765 
635 310 172 383 298 755 700 793 979 950 
723 663 805 565 949 48 695 454 507 812 
172 290 234 721 119 11 670 653 357 358 
958 938 969 290 662 974 18 274 467 23 
813 708 760 230 651 893 39 790 325 745 
262 662 584 483 433 208 413 860 510 901 
76 355 119 397 130 524 768 486 247 54 
603 895 320 695 777 408 826 533 806 344 
812 282 416 416 47 492 47 902 533 167 
861 490 89 277 26 611 552 610 699 283 
819 505 872 920 196 458 870 326 583 991 
925 723 944 63 483 558 942 236 952 307 
265 539 775 877 325 388 944 971 551 977 
918 642 837 709 116 425 554 107 553 325 
741 742 67 697 469 938 150 711 822 687 
728 280 380 963 267 104 813 610 844 441 
539 195 447 609 398 480 655 964 149 126 
545 257 194 407 405 279 454 257 631 935 
119 721 516 496 925 822 995 478 776 775 
320 444 648 23 603 296 693 870 717 671 
344 418 638 191 982 839 978 408 667 960 
282 594 44 426 405 74 839 765 595 142 
187 404 321 214 232 322 367 511 0 892 
856 378 899 679 411 455 961 131 869 324 
904 190 13 916 473 514 630 446 971 515 
3 26 83 675 292 801 552 23 162 298 
694 228 122 430 877 774 507 23 183 98 
199 983 974 907 964 242 668 695 992 425 
24 697 419 721 672 49 69 718 192 867 
739 899 641 695 360 868 387 292 893 767 
349 466 448 698 332 509 99 306 280 985 
398 855 135 54 702 401 488 865 917 104 
639 519 238 923 801 69 394 88 742 806 
679 580 486 188 971 427 724 345 427 509 
956 497 389 673 910 147 977 522 444 743 
125 423 542 68 662 184 975 296 682 105 
830 987 102 699 330 649 395 546 730 559 
857 129 317 415 637 550 651 215 348 425 
818 413 424 976 271 440 142 956 361 515 
457 762 462 500 273 35 859 682 908 166 
715 592 467 695 137 845 199 739 955 215 
447 388 388 986 950 699 392 184 702 742 
587 623 630 660 761 316 248 779 830 90 
864 399 104 324 44 601 592 202 497 8 
412 170 537 293 665 619 196 347 439 269 
719 106 229 805 743 142 451 160 16 563 
622 985 388 564 795 26 472 31 713 734 
772 801 90 305 453 735 557 347 595 859 
378 473 356 837 953 843 63 399 432 88 
673 35 11 147 510 110 804 953 322 985 
837 34 863 469 861 357 891 47 613 219 
76 411 201 476 547 15 163 767 791 732 
82 500 571 474 239 308 984 237 414 437 
61 365 947 294 689 591 981 887 803 926 
71 47 403 154 307 624 622 67 877 285 
30 432 331 662 726 264 263 831 737 90 
522 704 698 794 159 721 444 748 374 997 
635 984 187 794 197 287 391 315 966 366 
406 178 118 51 424 217 382 98 442 444 
835 801 56 109 965 491 643 369 40 219 
464 914 664 741 668 328 334 213 18 136 
848 696 57 929 921 45 730 892 340 978 
329 872 454 951 163 707 168 254 541 220 
27 747 854 572 692 522 314 819 824 121 
753 860 50 876 615 468 974 815 525 407 
240 934 659 649 926 646 7 709 117 59 
935 675 755 941 882 602 326 833 372 421 
576 639 709 493 147 238 928 933 583 181 
429 676 436 998 305 445 475 717 70 820 
19 896 408 764 710 421 716 500 929 771 
37 369 956 606 117 720 171 502 364 538 
294 440 0 979 517 756 124 818 473 292 
260 215 83 230 757 992 643 518 147 544 
287 523 960 150 645 913 182 558 483 333 
57 139 875 911 703 960 588 838 521 386 
190 562 735 401 618 174 982 277 624 276 
331 310 264 384 514 421 326 157 767 405 
887 266 84 928 826 64 475 130 954 683 
151 903 879 868 984 266 373 191 491 550 
271 757 992 546 99 3 861 751 156 531 
408 140 540 488 914 586 4 991 716 437 
646 309 478 597 363 179 486 778 553 979 
300 350 776 659 717 927 384 450 200 851 
298 355 136 17 895 5 173 558 399 451 
248 326 504 295 949 547 198 616 482 247 
494 654 37 847 539 166 188 828 373 214 
702 856 767 989 922 138 652 549 967 94 
552 499 486 881 564 372 405 964 716 113 
983 166 900 952 807 571 851 553 268 3 
901 567 451 344 572 961 340 708 770 895 
776 737 213 610 655 67 376 1 876 116 
256 365 64 862 334 217 159 22 631 198 
640 636 775 62 292 614 170 142 153 121 
146 86 742 250 958 685 836 517 487 416 
286 533 810 839 884 922 511 299 451 514 
521 875 994 735 15 891 96 412 919 445 
268 901 145 564 294 607 91 786 266 715 
239 930 966 794 642 740 394 378 602 20 
481 219 827 64 765 667 810 359 848 143 
126 112 753 315 493 778 708 286 770 997 
576 512 797 741 116 117 239 627 44 752 
198 646 428 368 784 646 183 589 212 442 
821 141 120 541 24 212 531 640 391 378 
468 691 645 31 112 448 95 314 605 470 
722 591 365 115 294 959 606 964 353 455 
43 495 57 423 297 900 997 721 800 396 
407 384 911 469 167 432 359 139 746 856 
592 233 344 286 107 161 965 771 566 679 
704 35 217 921 795 746 479 997 251 527 
408 84 416 68 873 883 769 236 896 665 
975 357 965 521 945 365 718 563 83 115 
919 214 940 402 346 705 83 975 197 406 
100 565 745 593 404 618 840 833 888 189 
346 770 12 284 493 398 483 904 435 648 
995 445 696 140 132 122 81 239 683 235 
664 902 270 827 828 893 112 374 383 844 
322 7 866 887 467 127 470 487 375 133 
780 817 116 758 902 784 296 631 345 45 
925 591 422 696 571 260 600 37 664 503 
144 512 577 186 706 31 499 125 98 512 
591 832 337 274 244 27 420 300 751 597 
993 733 130 666 929 213 634 663 728 583 
576 705 952 342 591 693 811 181 807 828 
556 878 638 69 834 280 811 653 854 891 
479 404 60 255 806 107 438 927 190 16 
9 45 803 623 62 577 652 270 449 527 
963 515 911 38 867 365 354 739 373 166 
226 104 669 470 819 300 59 970 571 384 
869 447 306 817 575 515 84 389 829 464 
154 609 390 778 92 115 909 578 858 613 
237 577 479 915 96 901 269 680 393 432 
809 72 529 403 860 636 619 329 857 513 
692 104 966 89 105 633 193 365 267 582 
684 163 209 430 512 80 527 842 834 389 
237 497 678 730 355 916 184 208 824 119 
563 344 450 139 397 865 67 113 824 526 
967 1000 885 57 577 353 785 68 439 547 
997 52 25 321 919 397 559 285 905 549 
805 693 727 333 233 588 918 661 156 777 
868 347 831 946 927 178 122 399 630 584 
218 68 802 666 737 623 595 687 914 500 
621 619 915 7 965 715 177 419 82 742 
614 611 508 563 37 734 625 663 156 938 
719 555 356 804 955 399 222 328 493 327 
988 298 26 225 399 639 478 500 960 759 
495 24 944 696 534 625 374 940 590 507 
340 273 957 962 747 294 21 159 657 754 
598 864 358 567 217 436 128 983 686 210 
451 789 554 307 730 674 513 19 240 694 
977 697 986 679 600 223 537 419 332 762 
176 496 797 11 118 15 469 285 890 536 
594 260 266 755 988 976 938 724 692 801 
973 516 55 978 854 429 88 401 348 916 
18 401 110 466 895 69 482 706 211 572 
371 83 544 214 977 438 294 135 969 251 
868 343 896 439 255 400 406 184 673 577 
162 366 248 24 241 630 996 248 417 194 
253 899 892 864 295 798 231 417 510 834 
334 812 745 125 716 434 479 639 966 85 
589 769 952 197 124 477 180 981 133 898 
692 810 719 722 358 875 885 685 981 554 
532 24 110 356 257 379 26 167 409 560 
160 802 551 129 728 253 77 860 647 288 
573 922 666 95 872 638 406 404 836 892 
473 926 651 766 852 60 381 141 364 698 
360 473 585 113 198 335 142 579 325 182 
607 146 809 605 220 453 945 832 946 148 
410 21 46 705 586 386 343 826 988 771 
234 694 780 725 363 21 999 19 532 793 
583 325 629 512 405 293 158 199 555 618 
650 243 554 668 825 731 495 140 442 809 
350 516 169 661 532 814 623 615 732 220 
404 898 612 132 967 142 682 399 53 505 
124 137 395 127 270 497 80 431 319 728 
925 620 445 686 421 910 310 76 869 282 
667 904 966 682 176 352 128 595 89 901 
467 819 498 673 164 627 346 798 490 102 
51 701 315 556 685 393 611 934 573 900 
580 31 592 408 161 638 675 241 281 612 
648 607 782 110 654 155 74 629 148 737 
373 710 90 654 595 494 598 617 725 287 
245 654 774 46 891 581 231 532 282 113 
450 424 862 319 789 900 902 555 869 671 
467 649 417 665 47 766 257 140 19 599 
59 719 19 308 341 666 987 520 80 214 
105 680 516 68 698 431 130 251 496 954 
44 738 646 851 718 325 745 818 253 693 
536 640 804 194 252 457 804 767 204 183 
709 667 204 43 670 397 14 592 939 98 
735 572 559 138 849 697 686 583 579 168 
283 335 583 450 745 175 248 111 534 780 
115 437 126 612 999 953 486 328 627 659 
342 783 467 541 296 192 520 684 247 937 
199 69 974 606 585 675 685 550 663 894 
489 352 188 652 979 898 505 57 834 778 
418 76 90 810 237 805 122 297 840 293 
485 14 827 999 639 41 433 284 738 601 
149 541 311 882 478 225 324 825 239 635 
891 72 81 876 731 695 551 976 942 214 
229 322 158 911 413 184 146 481 923 291 
967 529 435 273 947 977 1000 932 505 20 
470 727 583 291 90 863 922 705 604 729 
710 401 207 15 58 204 646 459 844 726 
225 637 668 261 545 153 794 746 831 533 
810 413 505 229 921 51 494 259 41 308 
589 671 535 665 393 804 14 860 823 618 
341 302 545 490 61 282 170 176 136 228 
759 436 578 204 958 25 819 326 427 629 
727 988 568 203 964 610 99 729 817 645 
337 928 606 987 598 547 28 800 17 102 
243 408 482 51 596 642 602 811 519 945 
591 401 161 214 435 354 735 106 352 948 
241 76 711 701 670 35 104 914 627 960 
922 409 87 548 919 92 603 640 714 595 
488 474 64 291 812 17 618 563 346 481 
366 167 602 783 326 491 646 859 172 129 
736 533 245 150 259 403 884 68 546 340 
558 349 530 197 630 328 255 24 940 764 
152 801 992 672 656 86 931 785 978 668 
31 850 644 277 432 838 713 220 742 506 
51 79 54 722 85 781 956 773 210 794 
742 590 590 422 444 386 26 942 395 711 
691 678 19 240 357 388 150 711 962 297 
599 532 605 430 659 511 726 484 227 24 
562 683 814 68 550 541 320 740 123 999 
598 806 189 533 768 283 632 453 653 640 
639 804 581 848 984 266 275 436 601 65 
938 663 310 415 104 620 567 33 519 189 
894 499 899 384 47 683 573 67 436 978 
222 20 959 391 364 929 300 390 529 589 
182 157 128 919 895 995 384 629 851 195 
827 778 543 594 499 133 37 267 800 442 
569 864 966 463 943 517 274 392 840 767 
626 269 863 642 100 909 269 963 90 289 
510 22 256 423 306 111 460 151 230 508 
256 646 953 386 446 95 452 790 67 955 
515 253 633 938 466 339 647 774 212 85 
513 46 102 375 280 249 421 448 549 600 
112 982 814 929 710 892 161 970 919 816 
749 343 115 175 421 273 712 164 825 625 
319 571 991 4 654 78 739 326 461 896 
104 343 995 708 857 666 42 845 463 674 
427 500 555 550 312 775 817 192 400 668 
896 184 134 849 681 767 410 135 871 700 
638 176 981 952 741 678 48 803 835 359 
683 151 566 248 948 599 623 651 937 164 
740 125 230 12 125 458 276 780 830 328 
729 212 697 571 34 957 648 91 618 765 
676 842 345 333 151 789 939 30 382 790 
351 316 926 855 622 246 805 347 748 812 
675 489 846 746 477 92 95 658 721 582 
438 555 670 216 657 580 749 25 426 113 
702 485 51 950 304 929 203 944 73 843 
508 167 354 601 838 667 821 872 996 756 
164 399 221 633 607 404 536 656 521 445 
934 38 403 781 624 75 577 273 660 798 
328 701 263 631 673 192 188 918 314 62 
777 515 896 711 359 350 674 445 841 90 
77 258 598 503 699 419 849 540 808 232 
234 269 170 62 695 247 612 491 797 456 
769 8 823 846 577 488 268 248 141 746 
533 808 233 147 12 760 741 81 649 685 
566 983 688 32 263 189 383 822 336 558 
29 499 732 407 848 988 670 123 616 151 
538 661 501 36 434 998 559 879 268 293 
555 458 627 489 606 469 341 24 668 99 
171 708 306 805 393 756 648 318 704 779 
183 352 924 944 919 483 81 90 279 31 
248 906 981 892 718 162 451 897 356 605 
330 827 749 316 482 840 115 57 496 353 
256 568 485 811 514 787 201 896 939 703 
555 604 7 276 531 125 782 436 73 348 
934 236 733 634 925 670 5 223 898 383 
679 286 692 359 158 69 551 804 960 90 
726 442 84 782 975 158 74 15 410 744 
294 375 189 963 782 43 437 969 347 31 
239 68 271 434 516 965 720 725 66 511 
151 994 564 429 896 660 290 986 753 589 
645 485 966 81 175 656 205 910 28 467 
864 632 852 61 557 372 209 892 898 925 
898 769 785 154 840 360 675 674 506 859 
902 879 726 473 921 979 687 552 242 134 
212 118 343 688 328 160 112 279 503 753 
432 15 733 484 669 876 701 522 574 254 
748 868 95 269 904 62 645 279 139 255 
68 430 364 393 62 201 706 926 842 212 
831 878 32 693 194 492 384 280 346 509 
802 250 898 797 293 312 717 840 837 491 
680 260 136 907 67 972 587 537 556 318 
639 117 765 428 13 479 866 485 397 710 
858 513 163 266 639 546 134 56 115 217 
69 41 738 713 811 232 940 515 397 841 
108 418 351 548 390 407 708 40 819 963 
394 478 782 705 65 870 334 560 335 304 
997 677 201 919 192 775 855 778 866 656 
806 906 121 941 746 891 977 223 178 85 
786 992 140 677 147 728 80 773 721 662 
900 67 684 977 99 871 222 828 549 485 
413 193 462 362 192 894 498 54 898 264 
533 817 283 688 939 579 932 354 990 560 
816 896 864 46 328 485 732 850 534 371 
246 883 246 975 218 921 805 356 258 216 
154 477 651 545 919 732 923 830 825 23 
385 339 160 693 40 593 707 560 975 714 
883 673 704 349 744 901 822 957 973 947 
949 34 668 461 634 327 425 762 189 415 
805 632 738 940 137 583 706 862 608 565 
466 554 361 582 436 691 926 404 588 210 
677 607 993 909 517 928 59 400 102 649 
217 787 483 177 346 936 318 16 665 77 
804 272 396 510 841 856 354 728 561 660 
42 134 936 954 637 479 844 560 826 543 
692 726 52 316 727 691 818 151 802 404 
640 326 202 878 210 47 691 587 230 199 
755 624 711 53 879 253 805 96 398 480 
851 855 22 516 853 437 504 846 808 840 
741 189 279 527 973 804 85 831 214 517 
236 287 874 851 710 902 517 709 199 151 
915 435 755 531 102 794 194 273 396 0 
711 182 464 782 553 495 16 23 931 870 
733 591 165 157 863 351 412 763 318 627 
635 825 960 718 640 539 219 911 845 639 
481 799 805 14 796 175 469 655 787 340 
163 587 382 433 82 48 139 901 230 450 
227 107 759 871 91 299 914 119 928 479 
331 454 664 88 427 547 758 844 482 256 
912 182 254 538 436 198 994 344 875 721 
89 51 327 867 26 714 707 136 215 801 
369 982 77 847 754 655 705 163 505 151 
761 740 332 572 179 830 294 485 776 325 
302 765 461 657 976 637 663 376 738 1 
5 249 328 289 30 660 600 725 525 922 
134 353 999 180 314 634 956 486 101 491 
126 15 826 591 103 670 718 557 561 93 
973 501 877 631 524 35 226 417 983 887 
603 959 336 273 693 389 113 176 638 985 
345 222 773 639 988 82 903 616 585 831 
964 523 445 592 430 38 811 965 471 617 
801 510 725 988 611 545 339 488 856 610 
532 431 841 254 870 27 678 445 172 526 
666 301 219 504 907 927 210 415 920 766 
727 175 224 544 376 938 952 566 901 548 
665 212 183 46 79 316 175 330 931 51 
932 440 800 292 698 541 767 146 108 422 
946 319 772 513 0 830 562 988 66 526 
389 50 66 209 369 393 961 37 185 368 
242 173 600 17 96 587 571 850 487 772 
823 778 920 610 402 89 348 726 469 817 
13 155 419 272 990 760 597 116 601 833 
995 874 261 264 393 421 191 380 970 218 
63 39 576 231 745 495 217 973 840 913 
151 21 455 23 969 584 933 406 641 294 
272 634 778 890 690 506 135 313 94 134 
312 954 352 108 102 794 675 448 805 922 
649 78 632 65 847 147 86 40 118 160 
580 367 506 456 622 331 464 282 675 820 
627 241 554 860 393 763 512 441 842 171 
199 292 699 460 834 764 404 252 215 425 
360 567 701 749 11 815 459 540 173 947 
122 983 903 990 372 105 286 843 38 303 
427 19 783 673 652 418 25 540 780 245 
526 749 532 503 532 422 918 130 626 961 
199 628 907 491 97 485 587 941 512 268 
54 406 91 214 518 953 867 23 711 990 
747 123 89 496 893 549 591 886 915 279 
936 703 560 56 130 592 798 258 129 702 
274 101 205 274 427 865 44 227 268 456 
182 594 278 479 10 37 947 712 104 172 
862 607 827 236 871 347 119 135 647 677 
10 429 677 262 251 570 841 419 413 629 
977 866 373 749 414 963 989 382 88 130 
748 298 679 851 95 895 599 468 875 327 
784 501 146 86 63 368 356 35 841 973 
718 187 823 196 962 14 433 674 844 889 
679 488 586 546 629 998 873 202 694 10 
596 155 356 793 423 74 45 771 4 237 
750 625 163 376 330 560 357 287 57 561 
22 377 629 499 814 332 199 958 255 946 
39 467 770 985 842 175 308 661 764 92 
498 790 894 96 924 289 360 269 666 138 
869 702 136 42 867 248 922 1000 369 173 
14 269 877 817 881 988 809 554 605 641 
702 275 887 748 218 302 645 969 38 246 
714 212 543 116 94 98 308 844 809 873 
552 685 985 238 92 471 72 816 327 939 
399 496 631 123 916 556 172 880 491 231 
454 410 595 634 295 665 725 817 162 226 
869 997 610 17 670 647 672 435 353 873 
225 799 285 47 279 439 174 785 292 204 
950 236 18 147 551 256 969 64 473 302 
531 827 713 863 15 711 436 898 642 1 
444 365 682 317 632 666 438 262 809 357 
300 616 67 169 354 187 110 920 280 820 
722 750 105 700 557 30 316 193 424 63 
186 647 318 968 329 211 204 63 624 13 
745 9 763 34 551 770 534 285 138 762 
4 790 883 731 220 876 245 490 586 825 
778 399 859 465 400 710 199 28 907 400 
39 679 238 242 780 774 126 320 21 921 
868 332 175 842 276 815 490 727 557 330 
636 787 534 350 666 958 434 338 536 917 
271 289 472 792 478 292 783 400 74 204 
725 468 362 128 823 374 307 770 776 578 
531 919 150 400 985 458 630 897 258 589 
679 868 735 809 725 935 362 259 439 213 
25 755 741 37 342 15 658 459 285 834 
376 909 455 897 497 235 226 931 836 89 
711 152 448 56 543 708 198 356 477 356 
737 871 548 218 299 610 920 379 528 154 
612 757 142 362 416 402 233 211 45 489 
647 202 120 805 418 953 264 948 178 861 
710 379 192 8 308 81 931 843 527 386 
433 532 996 442 369 114 214 882 357 742 
433 641 341 197 19 594 657 850 162 498 
268 813 692 302 532 774 160 279 534 108 
926 759 925 240 194 800 300 429 285 334 
179 536 368 98 676 205 437 52 780 0 
196 703 294 113 406 15 256 753 294 781 
49 406 304 27 454 249 939 446 477 950 
220 95 107 497 166 55 864 299 255 831 
698 14 555 56 899 760 300 724 248 795 
831 111 950 86 950 532 870 304 376 546 
179 731 228 966 579 198 681 553 107 278 
690 615 340 800 205 322 57 904 522 648 
0 462 400 660 801 178 989 838 562 673 
932 943 235 7 723 14 973 635 409 83 
473 871 760 146 938 289 523 280 600 488 
865 72 438 924 650 359 563 850 473 42 
744 870 144 679 234 220 9 686 531 898 
355 890 459 165 102 353 546 332 7 756 
201 12 459 635 529 174 713 410 580 415 
231 251 8 60 855 111 339 188 175 415 
186 83 30 521 905 417 251 378 207 152 
842 187 130 796 555 238 455 210 840 821 
622 975 530 667 332 947 288 10 891 62 
76 750 229 26 535 836 766 598 630 791 
319 635 7 179 550 57 217 237 920 704 
466 913 827 873 649 986 558 973 635 207 
992 349 457 400 814 818 519 423 683 397 
407 448 460 977 22 355 739 339 14 381 
219 558 350 271 558 373 102 410 598 857 
460 129 733 415 309 477 66 913 473 389 
478 516 369 92 82 225 213 424 75 974 
861 653 210 560 8 185 318 83 649 109 
542 827 666 889 310 983 983 112 817 556 
669 574 621 477 24 226 113 738 1000 249 
660 990 637 184 697 9 665 238 877 771 
67 320 577 20 783 796 265 176 322 200 
376 651 268 350 74 596 151 543 73 733 
653 195 604 740 631 577 994 447 121 987 
62 584 134 494 121 674 8 889 598 572 
531 511 480 788 235 244 725 601 679 635 
310 321 978 265 579 645 685 14 826 250 
310 657 484 312 810 935 303 940 894 50 
403 780 298 245 835 28 38 597 191 867 
42 57 756 862 760 181 267 544 639 937 
111 131 980 918 287 342 557 560 807 935 
800 735 516 355 822 27 877 2 773 202 
915 330 802 804 794 625 97 590 522 358 
555 637 76 188 752 430 440 810 564 536 
382 830 876 72 389 544 685 959 761 52 
752 224 626 464 706 511 197 412 393 428 
674 447 444 134 410 233 479 726 398 837 
472 123 557 619 706 886 130 739 113 183 
586 565 299 463 84 764 810 326 949 473 
994 643 618 523 118 430 52 990 50 616 
654 958 564 65 238 379 288 687 980 390 
773 986 582 411 240 289 759 469 652 640 
185 236 756 153 968 156 826 482 414 941 
421 400 596 635 358 981 151 453 319 987 
454 76 11 239 935 409 202 853 979 410 
19 886 207 871 686 470 378 320 243 430 
450 677 992 830 797 350 231 290 225 980 
564 276 44 511 30 454 972 923 15 650 
270 991 234 45 752 340 52 415 7 221 
45 601 714 505 0 864 681 319 24 914 
825 561 149 157 436 540 910 893 109 761 
979 747 407 330 558 733 176 387 670 408 
691 679 190 696 500 387 201 282 317 548 
171 807 166 959 120 684 529 692 215 952 
954 697 921 837 399 58 981 566 139 921 
701 391 110 897 319 458 561 939 140 297 
968 216 652 197 29 584 644 480 422 580 
257 703 691 359 225 862 274 28 809 398 
650 562 274 949 181 782 287 961 84 197 
503 953 480 247 748 360 412 510 674 209 
134 450 621 392 408 116 478 459 648 717 
337 218 244 841 216 131 621 561 541 237 
479 910 827 983 169 413 46 605 59 300 
242 56 360 434 477 10 617 268 607 387 
712 199 930 81 816 825 835 482 500 727 
724 463 329 227 667 163 639 808 761 450 
55 291 822 495 887 889 278 74 943 230 
216 990 985 839 710 700 663 366 437 445 
115 731 438 766 320 971 289 406 474 160 
385 913 206 352 176 962 45 186 135 214 
488 19 384 625 883 460 3 525 501 366 
349 150 463 498 377 369 333 475 581 285 
187 344 730 54 832 133 503 922 592 988 
425 10 106 195 966 393 918 919 284 415 
600 416 82 805 275 264 924 368 656 991 
868 86 650 278 691 366 463 854 911 909 
858 813 20 151 683 260 222 268 510 878 
326 483 911 661 112 366 731 168 595 835 
460 603 950 712 368 715 790 67 662 28 
498 26 942 547 102 835 321 516 96 692 
398 876 125 606 903 907 687 699 791 659 
860 388 366 158 902 688 898 34 500 266 
435 675 546 974 396 254 783 906 824 601 
735 652 731 924 931 512 573 47 461 674 
312 88 415 269 294 163 615 547 1000 78 
440 946 226 67 288 361 428 462 917 664 
796 952 352 435 431 1 565 823 602 914 
930 6 147 965 942 494 563 947 581 699 
798 147 418 357 673 352 44 727 210 522 
469 354 495 255 350 811 643 85 575 286 
310 403 392 23 647 555 429 790 708 537 
554 284 816 800 597 234 903 29 393 141 
301 441 797 853 612 287 624 420 514 773 
975 445 621 274 624 949 1000 2 551 193 
339 966 536 458 323 750 634 182 806 286 
856 804 206 94 391 427 103 659 174 425 
699 739 729 88 406 708 318 331 494 399 
65 477 109 842 661 30 355 706 950 51 
566 649 844 946 636 294 456 700 485 712 
172 389 638 792 376 615 711 43 685 547 
183 44 792 466 467 318 991 298 9 548 
697 700 726 972 288 644 458 169 195 505 
823 190 89 249 400 839 244 185 351 47 
608 290 384 14 773 600 911 428 834 407 
519 294 647 531 369 808 599 379 201 706 
757 594 76 431 874 830 790 370 473 298 
320 389 721 736 95 187 947 807 746 128 
51 36 119 13 741 484 111 187 921 451 
917 53 821 910 224 402 838 451 228 94 
280 952 166 853 182 321 593 274 455 647 
927 157 979 864 168 451 13 324 628 25 
795 832 619 303 708 948 214 268 114 523 
201 2 625 679 510 377 467 734 699 716 
913 465 99 295 779 345 212 384 865 732 
360 998 814 398 301 503 716 448 454 965 
515 578 113 741 271 472 60 912 451 376 
678 476 338 15 446 672 943 111 290 358 
16 957 213 981 458 841 1 128 219 260 
677 748 814 566 79 730 339 137 146 327 
843 546 748 340 880 577 80 483 321 394 
292 941 197 71 54 26 835 885 965 570 
785 609 323 216 882 358 597 107 698 507 
844 459 201 350 441 96 343 789 31 134 
984 589 671 971 65 933 132 912 526 629 
100 385 333 757 636 467 327 456 147 835 
101 420 667 276 296 639 113 3 612 557 
332 479 376 617 462 925 372 730 50 447 
650 447 81 99 933 94 642 340 697 513 
828 759 445 941 737 868 385 895 471 825 
941 992 430 726 615 127 53 924 778 421 
218 747 340 452 334 615 815 362 831 332 
152 747 775 981 633 698 872 800 572 832 
687 443 520 452 345 893 8 31 847 896 
810 36 999 26 819 0 523 183 849 482 
603 516 881 93 359 835 566 973 698 671 
328 278 407 310 990 590 601 855 786 497 
830 100 784 893 180 590 268 217 477 666 
163 115 4 302 985 186 50 443 492 799 
541 794 420 437 479 215 621 805 527 496 
740 402 230 881 654 269 685 585 775 382 
206 743 236 223 373 491 549 758 585 896 
29 892 321 866 810 439 260 506 362 112 
782 802 634 605 344 531 103 98 65 859 
975 992 529 720 121 752 539 258 432 83 
307 781 710 897 240 289 683 211 370 179 
929 87 490 8 971 326 689 953 671 318 
545 503 624 581 332 519 915 141 532 579 
850 950 860 561 641 251 386 787 507 458 
444 343 85 145 596 156 137 892 575 797 
183 107 150 215 883 151 489 32 141 511 
906 895 756 664 182 847 472 896 226 457 
546 52 981 155 336 621 902 522 611 769 
449 394 815 851 772 93 967 432 59 422 
585 285 744 71 778 646 162 892 11 418 
912 171 80 151 704 296 976 79 112 240 
780 304 833 945 964 365 15 94 607 667 
523 874 674 186 283 890 354 907 603 992 
69 873 32 432 847 873 957 153 539 956 
613 578 273 787 677 574 415 650 676 30 
237 246 894 753 159 197 667 159 401 448 
674 32 259 904 170 956 912 620 303 448 
693 690 272 696 596 982 288 189 80 99 
137 648 257 168 507 667 866 602 861 577 
278 366 628 466 28 329 912 860 100 280 
764 355 68 16 355 444 749 972 802 190 
669 560 259 661 679 797 974 91 297 61 
848 664 355 721 981 211 272 515 966 428 
282 760 348 597 918 897 552 203 684 245 
443 603 226 83 494 712 713 691 977 533 
376 680 154 639 944 368 961 688 380 241 
883 632 345 772 287 499 925 83 405 891 
356 329 909 689 837 905 493 346 595 33 
922 525 966 751 405 561 77 295 192 222 
729 396 735 935 955 897 272 162 485 709 
241 17 853 898 264 664 814 192 774 381 
707 211 888 582 537 78 604 182 105 709 
881 272 704 609 710 519 9 575 303 845 
593 263 362 694 259 264 768 38 887 491 
47 766 653 607 592 596 55 985 222 945 
915 688 151 506 593 710 740 426 258 142 
927 830 97 455 187 668 534 664 501 164 
44 469 604 514 322 616 107 475 262 924 
984 654 493 529 816 836 176 134 795 132 
227 204 860 267 524 534 351 710 357 226 
453 230 684 281 193 273 48 733 152 472 
790 126 259 321 818 340 300 245 737 835 
322 394 384 637 154 917 615 499 675 412 
581 966 519 468 247 309 749 914 303 8 
951 771 121 781 834 519 556 165 517 324 
147 694 550 16 858 247 133 445 469 457 
26 627 373 235 529 356 714 999 361 966 
797 186 913 503 322 731 47 658 534 374 
143 525 140 274 183 332 383 604 944 488 
299 241 264 570 97 275 229 409 341 516 
494 848 254 910 817 882 848 537 481 196 
488 180 243 445 35 928 275 773 642 527 
495 725 643 214 551 719 587 64 195 427 
48 650 51 31 459 771 943 999 93 741 
535 594 290 912 32 585 741 4 242 991 
302 820 626 254 265 447 508 508 698 971 
693 555 639 326 310 137 107 335 959 195 
53 47 794 268 662 989 163 989 364 417 
926 684 455 731 756 231 831 170 365 753 
775 151 639 746 982 975 785 671 417 11 
127 28 414 399 281 401 374 371 307 582 
783 854 0 831 273 515 496 532 186 160 
326 657 187 921 276 403 984 484 13 913 
996 913 585 944 961 727 810 953 795 799 
240 411 199 807 529 609 924 38 388 884 
12 986 163 828 163 703 639 885 775 118 
695 758 832 547 556 264 592 146 605 834 
360 10 634 242 138 311 627 50 942 620 
69 918 969 665 188 506 593 110 412 423 
571 251 27 400 114 44 471 484 338 966 
24 154 402 782 861 548 265 903 101 220 
762 602 1000 829 321 24 362 575 455 71 
451 834 897 792 250 58 236 975 427 487 
295 693 168 762 838 924 67 156 261 130 
854 815 570 579 406 231 546 935 25 392 
375 455 835 715 238 942 14 211 996 175 
837 320 704 401 33 98 575 951 254 428 
751 805 220 288 996 940 13 277 269 9 
299 630 247 464 193 196 159 998 238 741 
480 12 590 647 734 829 662 798 488 576 
692 964 516 369 390 573 760 371 454 209 
467 578 569 868 75 575 262 344 199 716 
984 433 347 258 944 920 483 414 808 151 
651 769 970 209 988 990 862 144 145 94 
304 185 411 342 172 201 350 22 953 116 
809 274 859 677 411 649 602 528 585 581 
996 700 969 572 67 736 435 693 183 690 
335 791 662 529 465 688 338 808 772 771 
785 950 113 639 383 234 483 341 607 819 
295 418 868 371 316 420 684 455 239 222 
49 122 531 977 99 942 415 696 79 319 
296 617 393 86 502 128 722 490 41 312 
811 273 782 631 302 611 446 586 338 389 
890 638 603 295 835 760 483 317 581 557 
972 386 161 569 78 823 42 326 294 184 
634 637 776 282 889 791 507 414 955 507 
286 158 303 100 163 792 921 500 81 722 
572 711 876 104 810 361 882 565 244 570 
160 75 697 628 634 657 661 861 51 233 
784 112 286 976 289 74 411 136 383 699 
382 52 956 441 613 648 39 995 884 906 
366 851 962 772 142 722 515 711 99 868 
950 997 529 233 468 626 614 192 815 701 
514 15 751 191 779 358 913 75 539 425 
703 331 592 777 698 116 952 54 655 314 
531 622 895 839 88 177 143 733 573 697 
1 762 888 921 328 366 591 506 771 565 
844 201 370 962 443 846 239 432 698 473 
286 0 186 268 490 653 626 324 643 649 
386 976 62 692 297 984 378 391 518 406 
747 742 306 631 641 705 984 950 516 4 
81 791 820 161 352 504 931 746 120 549 
945 293 37 943 693 36 131 675 806 100 
817 981 857 983 111 205 913 484 128 568 
273 980 301 16 365 483 942 253 284 517 
777 614 693 476 16 959 308 725 172 625 
281 220 852 14 863 823 371 559 737 601 
405 580 908 330 78 573 64 307 389 760 
92 100 377 986 414 718 489 191 504 873 
751 632 610 194 893 879 519 304 428 437 
541 785 596 922 10 477 107 820 690 65 
629 450 784 826 140 797 119 906 922 399 
739 566 853 993 166 997 765 428 701 692 
527 996 335 291 780 466 687 278 640 494 
292 181 808 534 183 438 277 983 865 28 
55 438 50 683 928 627 948 415 260 831 
94 661 416 937 176 226 698 602 511 758 
785 578 571 845 113 672 682 409 281 561 
942 715 481 197 754 931 223 162 641 257 
630 576 232 605 449 738 994 300 581 202 
249 198 959 576 223 212 480 450 109 761 
161 100 234 397 38 492 338 785 456 202 
374 883 216 886 398 208 383 748 623 913 
248 271 990 207 508 442 77 567 21 556 
509 585 155 872 237 599 722 455 183 398 
622 452 702 176 250 376 350 895 83 268 
375 13 130 209 895 223 553 364 142 15 
357 371 762 255 175 634 447 285 577 125 
954 635 210 437 202 785 777 813 960 305 
65 894 956 463 544 315 740 751 931 605 
446 403 98 473 345 394 730 185 344 828 
413 606 322 472 737 530 710 720 3 186 
387 517 395 858 75 415 748 211 906 762 
670 412 223 944 572 209 400 451 574 20 
62 474 340 184 939 765 190 569 448 673 
891 126 725 37 285 684 806 403 870 409 
876 791 567 229 79 772 138 458 22 513 
673 894 482 198 287 807 471 123 113 409 
804 630 274 180 662 788 289 558 214 166 
67 347 403 745 815 36 255 953 517 86 
76 405 375 423 26 223 418 580 141 862 
770 436 462 267 380 779 134 933 470 461 
697 542 794 807 792 726 63 479 797 438 
574 825 617 955 891 211 486 920 909 467 
955 605 452 332 956 192 998 101 436 461 
892 156 423 494 619 804 719 798 67 644 
668 380 93 914 861 848 125 919 163 905 
789 870 3 714 517 489 36 737 1 558 
535 325 603 830 933 524 901 758 441 359 
519 385 917 874 796 247 422 269 368 254 
280 925 741 252 128 314 403 298 222 509 
217 276 19 617 560 772 873 806 92 229 
960 948 703 948 112 126 95 992 654 524 
476 922 468 764 54 328 996 355 976 840 
258 275 231 409 860 161 903 797 851 47 
547 638 638 258 820 413 354 506 349 678 
115 264 247 769 762 631 237 69 868 140 
260 936 346 899 258 37 573 215 76 270 
366 43 70 992 531 504 418 765 710 424 
539 151 30 655 28 910 439 502 681 208 
321 710 331 429 81 470 483 750 886 206 
855 147 720 120 755 832 420 390 421 627 
926 310 339 890 751 506 749 202 740 865 
689 156 411 559 602 280 228 400 378 894 
658 505 124 332 745 211 352 889 929 511 
800 146 18 418 889 272 508 890 208 622 
527 952 30 201 123 893 728 848 956 867 
431 327 70 71 43 578 916 958 119 328 
274 495 312 336 297 209 849 93 696 186 
783 824 45 219 156 436 5 58 521 947 
849 157 990 731 832 53 637 18 889 128 
318 258 797 190 565 16 965 463 547 335 
541 378 744 697 933 641 692 478 39 461 
19 350 620 652 374 233 890 583 867 471 
39 626 235 897 955 706 933 40 366 441 
885 788 680 711 792 946 937 685 851 549 
982 772 804 438 42 862 322 754 947 67 
114 755 823 489 716 455 495 71 392 391 
828 240 233 336 646 348 524 270 897 418 
660 132 559 416 618 522 583 901 719 826 
905 960 305 170 489 173 145 81 864 78 
455 228 370 185 807 831 440 101 685 585 
358 543 465 506 855 510 235 22 571 58 
881 982 525 194 825 983 573 529 397 120 
619 967 253 483 318 211 315 877 928 856 
233 526 349 929 583 617 40 682 476 141 
378 658 813 992 323 647 626 612 733 736 
537 219 793 916 168 66 256 10 257 137 
850 432 731 842 889 534 538 248 563 22 
629 416 54 193 568 969 825 242 963 604 
424 795 494 577 483 668 630 590 170 510 
108 614 281 70 990 65 41 846 267 652 
753 643 636 372 886 952 646 52 839 412 
616 750 483 127 347 280 312 596 56 386 
796 804 370 908 552 764 130 396 462 833 
562 938 28 953 362 283 194 238 671 762 
447 726 621 6 684 32 552 174 422 739 
219 908 380 934 293 617 459 869 816 690 
37 362 602 645 830 399 506 29 439 554 
150 880 661 568 680 791 751 870 495 421 
425 353 957 665 494 989 543 409 863 45 
827 47 847 203 736 269 312 700 172 767 
867 350 839 535 553 530 492 446 415 109 
68 915 111 912 855 198 565 52 290 672 
884 793 505 301 6 333 601 304 228 835 
570 995 298 79 128 498 887 609 748 639 
861 862 328 598 880 580 600 310 623 226 
106 951 560 515 300 372 218 989 686 458 
641 772 611 50 257 719 768 15 698 58 
61 299 971 133 26 267 476 349 668 340 
673 981 670 860 29 592 181 699 795 858 
262 219 291 719 983 83 912 522 637 118 
67 729 772 733 277 16 135 276 904 448 
997 895 140 175 642 847 247 131 83 786 
409 110 440 708 22 106 543 829 966 549 
545 584 681 749 699 739 257 840 895 942 
955 574 311 182 635 955 994 323 154 405 
387 707 325 23 292 382 23 860 719 100 
306 505 762 278 45 86 166 957 542 326 
125 31 597 816 256 422 711 105 177 759 
65 517 473 672 948 662 163 734 815 346 
829 401 132 206 41 848 815 301 707 315 
884 787 382 239 86 195 900 467 469 632 
995 315 217 214 486 954 15 717 744 924 
577 433 799 619 979 807 916 334 982 936 
76 557 942 29 162 894 973 867 882 414 
709 47 901 816 827 160 266 604 671 998 
429 388 562 312 121 684 314 350 788 973 
413 107 9 545 744 974 604 673 623 756 
999 212 469 588 646 807 695 117 150 18 
67 925 268 796 750 49 358 643 38 314 
1 73 113 41 49 118 525 528 525 855 
185 549 674 948 395 879 963 345 569 514 
492 763 403 548 344 410 960 740 792 526 
76 860 834 793 973 568 978 334 387 338 
673 713 428 919 794 577 840 8 116 72 
107 623 57 292 807 918 219 584 242 477 
25 87 110 390 637 429 245 967 454 728 
627 396 412 68 969 752 877 893 142 526 
966 983 922 114 751 411 720 301 53 746 
151 604 413 806 713 880 846 533 817 438 
201 37 835 686 636 85 968 404 306 306 
666 653 60 760 911 530 838 869 744 466 
375 112 937 174 453 911 629 749 88 172 
897 714 309 938 411 68 930 509 89 275 
681 182 772 304 924 731 359 831 97 64 
990 539 82 295 377 696 837 212 446 208 
818 765 739 292 924 794 409 658 373 215 
599 781 576 368 700 845 664 706 877 547 
555 734 517 651 21 478 64 926 620 268 
423 212 334 621 856 712 925 15 932 771 
508 83 251 788 388 892 550 35 349 739 
866 3 161 666 471 850 861 932 40 485 
67 945 156 123 869 425 949 29 660 599 
87 723 544 993 283 243 795 170 243 201 
918 468 517 83 491 189 43 316 313 50 
333 534 58 36 260 743 229 960 647 761 
129 129 451 363 599 619 777 948 757 211 
749 233 232 756 268 58 322 218 573 950 
743 781 680 400 332 964 814 992 246 787 
654 118 707 558 345 460 13 899 585 423 
398 738 24 785 364 222 545 100 234 197 
923 92 650 41 869 298 832 747 728 877 
37 937 621 789 445 758 348 967 624 578 
657 964 153 134 493 135 735 379 133 416 
844 643 793 542 537 853 405 674 346 843 
429 631 599 699 62 626 923 565 253 778 
415 774 57 840 598 80 302 991 151 906 
291 674 859 30 814 14 503 280 182 862 
402 20 3 766 983 650 268 950 537 956 
903 799 207 583 705 665 984 342 19 902 
631 112 561 505 967 731 761 671 758 950 
19 785 152 101 878 696 507 408 983 384 
847 875 961 666 657 799 634 486 320 909 
899 536 523 646 486 306 860 768 686 315 
638 76 656 83 283 660 127 392 459 634 
460 921 238 439 420 266 281 211 451 496 
233 219 895 569 157 765 856 965 884 844 
402 736 691 667 857 622 71 48 772 881 
145 952 46 728 627 701 632 566 946 174 
863 365 199 842 78 577 816 919 969 31 
485 654 966 647 20 771 660 871 604 619 
313 974 359 395 374 532 320 871 249 953 
469 752 759 601 893 582 663 86 990 909 
309 124 303 478 127 387 798 691 430 601 
931 576 435 465 431 820 538 259 154 634 
991 418 835 494 144 989 814 523 494 400 
104 274 249 639 588 269 399 894 32 378 
810 520 686 484 682 188 988 376 55 78 
575 786 230 175 661 842 636 283 267 57 
845 45 247 882 261 978 575 116 540 617 
556 961 193 990 169 17 933 359 767 510 
629 361 979 15 123 49 851 655 114 449 
764 432 535 838 878 265 680 482 423 661 
591 305 149 666 697 702 449 677 867 503 
67 470 946 246 289 100 315 821 620 304 
5 764 869 141 878 636 932 710 353 582 
480 496 16 500 399 498 269 103 605 306 
815 185 96 342 194 812 598 645 326 133 
866 523 802 700 993 150 424 116 764 24 
3 549 890 292 327 608 165 714 224 573 
1000 466 766 787 803 902 914 647 173 508 
243 122 90 327 293 589 257 37 819 457 
162 885 187 185 442 758 637 897 474 412 
676 168 308 923 69 789 123 544 820 759 
151 481 60 353 255 718 645 774 227 268 
414 658 291 725 158 874 320 706 488 696 
936 81 184 993 408 17 679 246 902 689 
627 72 747 213 174 967 423 522 348 371 
474 703 202 697 386 269 51 16 921 795 
377 894 590 580 973 52 362 824 709 471 
827 227 86 558 236 270 402 588 264 641 
15 218 629 243 344 468 227 619 120 696 
184 390 1000 115 681 759 821 787 688 796 
977 887 250 889 500 633 286 95 42 442 
356 878 262 664 655 773 965 413 146 585 
973 717 17 633 358 420 517 660 17 279 
748 684 492 38 902 554 111 669 379 156 
17 228 174 802 390 928 456 783 449 239 
795 660 487 23 892 766 282 909 505 769 
415 116 420 465 12 145 774 139 384 544 
195 221 508 748 35 46 824 543 613 757 
11 555 142 469 420 277 407 311 266 850 
610 212 323 850 564 847 983 811 366 319 
985 51 155 703 453 138 822 856 578 272 
247 162 997 745 166 1 233 20 554 726 
501 798 236 66 604 973 263 966 253 966 
957 67 819 283 414 621 614 838 952 998 
727 572 380 195 600 396 770 875 140 556 
861 967 133 76 736 727 345 168 597 854 
874 587 294 654 540 117 665 354 28 269 
758 847 734 163 575 141 177 788 843 297 
686 29 178 712 332 21 166 673 594 319 
669 733 41 582 98 361 562 742 188 323 
890 160 562 224 567 987 861 556 279 477 
96 599 15 752 180 941 299 273 749 752 
136 707 930 553 511 421 818 307 565 668 
260 295 281 945 85 472 889 99 449 61 
116 584 364 143 821 811 590 716 826 219 
362 873 321 45 302 630 710 126 132 953 
857 465 391 155 708 917 938 381 963 430 
604 64 667 52 488 525 359 459 340 778 
271 885 20 747 645 786 667 22 683 748 
701 581 32 473 178 73 325 457 227 715 
114 164 989 364 462 344 851 981 769 26 
777 960 705 875 175 357 279 720 915 70 
593 433 657 389 19 819 210 691 452 746 
298 363 255 685 618 0 466 942 496 612 
693 603 261 728 843 846 691 842 910 238 
772 596 679 78 193 453 851 508 353 685 
757 129 607 340 64 137 458 466 553 265 
103 459 579 12 35 296 238 355 91 654 
448 942 849 40 754 938 520 24 406 974 
789 581 502 33 811 931 544 859 528 990 
854 587 263 296 816 721 724 971 870 975 
39 841 580 566 871 943 161 894 827 978 
322 688 346 343 931 376 121 990 60 270 
923 427 544 950 442 588 951 804 787 421 
223 746 771 421 969 309 203 833 288 395 
844 312 90 471 905 974 628 64 976 321 
236 277 68 286 963 543 564 89 808 291 
303 584 850 866 517 975 196 0 11 931 
522 805 42 635 350 945 855 966 336 683 
187 209 855 92 445 677 795 485 582 230 
76 986 562 810 557 191 749 99 156 313 
811 764 375 36 555 458 504 670 2 996 
512 964 886 341 162 973 330 700 497 439 
742 365 489 552 195 229 861 673 99 533 
937 807 240 557 223 296 764 883 297 123 
944 549 330 368 847 706 492 248 751 143 
705 857 312 266 846 256 666 84 756 119 
558 301 159 703 96 135 427 655 841 937 
887 844 96 328 985 908 78 133 43 819 
714 861 601 80 601 807 345 432 924 107 
596 854 643 915 428 262 892 591 541 491 
626 286 560 449 572 117 430 932 425 215 
608 316 861 588 706 651 915 169 360 504 
553 413 444 810 651 984 371 978 49 873 
743 218 313 924 706 479 962 912 325 533 
712 353 762 389 400 306 13 739 495 806 
209 74 325 277 607 794 465 796 895 665 
16 646 894 974 19 912 438 791 804 945 
517 449 546 224 65 422 394 123 868 75 
231 539 533 383 173 36 573 153 373 694 
550 148 238 495 438 736 311 964 639 453 
188 991 31 223 567 300 599 633 393 757 
479 852 65 534 817 619 99 601 657 397 
302 189 496 610 443 440 604 25 158 679 
174 523 420 37 825 142 732 996 405 42 
353 710 122 581 692 71 685 65 739 890 
140 303 967 584 597 841 166 358 941 410 
363 9 148 319 911 589 582 367 386 108 
47 361 594 190 425 159 720 21 170 13 
711 524 571 486 220 917 398 154 121 329 
827 291 594 225 192 871 906 58 207 77 
411 891 780 464 414 657 331 895 842 869 
445 593 224 281 942 351 149 427 242 207 
901 405 692 961 193 795 0 570 253 163 
746 567 332 724 582 527 996 30 86 493 
983 694 246 121 332 415 507 303 551 818 
502 480 889 648 233 236 124 792 145 763 
119 802 828 362 738 105 804 290 721 438 
283 560 530 317 119 714 361 986 65 63 
895 483 807 732 822 250 564 765 93 404 
372 312 739 233 568 973 177 632 622 324 
776 789 786 825 576 846 135 763 208 334 
744 692 512 924 360 979 106 474 497 354 
465 857 5 258 154 196 581 142 928 906 
325 366 408 119 369 427 280 938 814 844 
599 834 176 404 542 427 114 134 236 224 
403 434 708 878 78 213 125 424 384 336 
609 368 393 787 856 927 900 827 23 853 
900 115 592 762 945 821 60 731 203 384 
277 502 346 634 74 803 264 552 988 625 
390 265 990 514 122 649 617 9 665 423 
320 352 201 978 570 440 481 492 356 301 
578 636 522 406 460 635 255 243 212 948 
208 400 647 578 946 330 804 420 768 30 
158 773 338 39 875 386 497 289 787 135 
421 692 866 386 691 273 967 64 214 915 
934 322 641 778 949 736 980 126 141 913 
102 484 208 131 423 591 869 572 269 538 
233 590 171 284 404 259 514 580 922 435 
842 272 356 604 31 608 934 297 603 134 
837 103 919 693 976 10 228 977 510 204 
172 428 1 554 197 336 663 299 29 129 
922 497 627 59 912 818 398 122 699 683 
817 330 490 248 95 695 788 89 469 357 
309 236 60 796 853 908 792 184 840 76 
328 255 563 662 148 673 550 984 455 503 
472 119 899 340 520 420 821 360 833 253 
806 641 991 683 625 838 845 711 578 58 
229 690 94 436 1000 442 507 221 989 357 
254 294 345 445 307 728 620 514 752 338 
760 286 442 493 974 452 941 162 138 438 
106 670 839 981 757 257 537 403 281 687 
726 158 142 73 304 119 426 206 775 716 
64 919 74 903 700 945 312 729 325 356 
297 547 361 868 553 725 262 616 904 402 
646 22 577 958 360 961 228 140 573 989 
679 234 555 587 436 855 838 875 556 801 
2 47 752 532 92 918 460 943 323 969 
701 69 925 510 207 305 669 838 729 324 
16 709 684 727 701 698 135 877 927 214 
121 189 644 247 448 781 104 239 583 193 
744 909 114 369 173 348 121 746 247 885 
511 54 536 765 858 511 847 85 226 344 
740 623 134 81 2 832 515 890 944 70 
767 457 520 461 628 331 347 974 548 420 
275 662 855 602 959 617 425 718 512 39 
872 389 468 947 110 74 806 906 709 268 
755 184 115 383 883 179 563 141 863 231 
361 291 428 118 643 458 504 595 371 221 
523 37 322 92 221 88 919 213 908 50 
979 814 610 36 684 655 325 890 573 814 
464 496 318 374 589 466 36 315 736 813 
76 581 403 701 329 79 49 204 996 864 
80 183 494 706 406 324 623 953 814 830 
344 290 856 110 196 864 87 980 7 604 
186 901 860 938 584 972 377 263 812 763 
64 363 996 132 322 520 529 346 53 748 
601 466 777 505 551 545 100 647 843 649 
438 442 474 904 706 815 285 504 390 740 
427 71 471 810 126 190 277 762 558 882 
916 896 984 218 160 562 52 561 806 58 
662 467 539 456 750 493 841 357 742 60 
515 622 358 318 751 699 868 261 393 861 
875 245 649 378 212 942 969 430 608 573 
981 605 743 870 691 70 445 857 252 541 
238 33 910 420 157 352 405 158 647 976 
672 1 175 74 126 393 106 33 500 443 
231 226 44 693 169 257 672 777 296 589 
430 444 197 347 988 175 180 538 525 811 
704 677 139 308 272 704 141 666 822 188 
370 143 149 489 150 910 778 704 689 224 
435 293 919 254 235 136 832 697 891 797 
791 613 722 656 705 490 480 94 975 483 
628 795 308 723 350 878 333 414 395 412 
37 7 831 610 158 634 262 530 277 99 
175 888 226 475 192 836 729 74 366 599 
204 949 158 829 811 253 105 827 937 363 
74 586 638 341 718 594 828 1000 541 700 
26 415 744 262 570 706 712 328 678 868 
640 967 461 448 974 767 627 143 280 258 
287 752 139 531 499 197 523 45 472 441 
428 867 357 230 957 291 248 307 865 310 
214 936 80 947 942 299 44 526 572 757 
77 56 98 990 168 846 382 188 881 885 
948 964 131 307 700 388 139 170 879 34 
654 35 429 870 314 298 350 22 173 754 
183 185 422 915 757 191 718 544 144 429 
894 642 391 576 770 899 184 692 194 478 
542 56 877 897 804 512 236 546 666 559 
197 983 207 645 776 839 469 347 493 29 
379 182 330 134 523 494 76 242 391 82 
117 438 341 625 937 144 580 416 733 680 
717 866 953 957 425 564 52 963 613 688 
440 776 96 513 847 497 405 22 232 273 
430 61 455 51 659 415 185 506 681 626 
300 443 966 941 336 931 685 230 813 705 
718 690 279 326 101 838 903 921 155 857 
744 677 774 548 986 853 85 181 396 232 
196 806 947 346 889 366 437 445 646 789 
401 1000 177 587 722 209 38 21 330 782 
47 307 744 695 648 778 999 235 47 88 
243 419 192 41 689 726 395 903 454 596 
667 142 216 868 529 582 749 660 788 486 
662 54 461 396 882 765 946 707 583 87 
335 358 365 546 785 891 651 592 220 900 
166 786 547 577 844 93 763 746 949 701 
490 67 43 295 394 419 490 832 704 76 
995 785 868 826 194 263 678 298 120 72 
149 223 222 676 814 811 383 586 130 139 
785 37 142 708 901 741 373 525 873 672 
394 674 772 919 820 98 849 421 583 980 
145 655 430 784 20 294 147 565 825 856 
41 158 745 781 803 425 341 590 586 930 
794 179 415 625 329 956 758 961 480 875 
269 806 855 773 316 406 719 507 215 687 
513 197 942 491 352 412 552 446 785 505 
819 974 840 512 602 206 995 158 828 518 
277 521 402 753 237 434 977 688 176 957 
567 427 130 200 118 298 64 710 344 292 
318 886 0 373 168 52 583 924 283 505 
871 975 572 360 563 864 656 193 986 981 
612 886 156 498 780 732 786 866 710 258 
942 665 510 124 934 306 121 609 66 557 
165 652 605 386 741 860 285 870 189 2 
556 200 93 763 398 885 805 715 273 209 
997 680 960 567 794 971 551 213 118 675 
716 162 21 502 797 499 663 187 500 510 
954 809 592 683 49 773 541 772 710 8 
157 585 216 657 67 543 865 16 892 398 
220 822 380 837 759 286 808 724 136 121 
912 354 708 548 559 629 550 98 650 52 
431 743 901 75 871 473 6 4 548 129 
318 69 650 638 980 712 901 936 65 730 
932 703 961 307 120 894 414 838 746 341 
667 409 341 710 51 241 840 199 986 54 
157 783 971 660 368 724 260 886 166 976 
357 648 483 845 548 110 422 188 796 29 
480 610 31 452 967 47 240 468 661 886 
583 406 848 723 81 524 918 142 381 202 
562 229 600 341 771 692 414 585 622 405 
902 838 656 76 496 432 829 492 453 528 
434 294 881 624 245 607 913 427 697 394 
608 172 322 760 500 980 367 415 65 398 
34 231 865 689 90 514 292 833 555 126 
853 997 12 645 795 246 143 582 412 891 
511 684 428 858 161 381 379 224 522 198 
741 599 379 273 264 371 594 279 36 789 
928 428 105 339 254 369 855 549 998 783 
696 98 336 437 632 954 901 937 133 559 
728 121 449 575 566 597 516 477 992 543 
966 619 70 813 124 163 665 267 205 703 
513 974 737 31 18 69 56 354 400 90 
735 8 160 89 967 403 455 226 259 916 
750 854 312 251 578 889 63 65 297 882 
124 507 169 202 568 163 745 625 439 572 
102 11 942 527 759 517 250 99 428 233 
313 858 475 344 773 290 223 268 896 99 
691 370 427 440 678 987 211 800 851 15 
615 996 123 216 474 712 947 413 306 612 
574 383 698 568 397 509 47 688 167 694 
232 460 206 672 894 57 397 34 837 324 
512 999 691 86 624 56 643 726 922 317 
186 362 134 309 223 853 654 99 997 441 
188 431 812 331 85 233 178 866 820 276 
625 637 500 564 634 799 126 513 32 901 
271 951 440 743 263 301 78 455 942 9 
337 421 585 669 696 165 769 276 565 446 
162 440 506 676 48 113 593 93 46 116 
353 441 933 160 912 849 590 552 983 137 
37 695 35 382 247 18 802 987 847 240 
477 994 58 146 191 715 525 211 422 444 
142 239 810 13 698 207 328 892 299 269 
483 888 547 750 554 112 392 877 482 739 
356 981 737 883 629 716 842 918 788 992 
464 589 586 276 457 273 2 36 748 188 
512 831 599 396 208 53 466 835 949 964 
958 261 787 999 336 552 589 353 918 974 
488 171 846 202 22 54 412 988 720 503 
258 85 929 277 442 689 263 562 250 821 
581 644 42 326 883 666 434 115 520 780 
473 755 652 757 572 259 943 131 655 482 
981 585 393 855 327 478 499 166 167 283 
216 967 150 503 97 375 703 8 560 760 
151 582 99 821 711 40 218 116 42 470 
219 281 726 942 963 570 537 79 53 571 
814 280 455 489 428 706 107 225 787 403 
496 631 45 999 251 647 857 123 477 109 
588 235 680 704 430 59 265 680 434 893 
868 518 100 857 931 34 779 531 567 428 
339 772 596 825 80 337 674 162 536 211 
241 629 0 587 83 494 386 829 507 384 
341 82 548 478 945 460 493 859 329 698 
149 954 450 761 171 690 930 301 751 604 
223 568 91 51 527 665 355 930 938 945 
672 950 114 82 27 739 398 463 994 23 
31 386 569 375 94 785 863 952 719 22 
871 945 69 247 593 57 746 332 362 541 
601 493 661 281 590 869 330 641 368 891 
366 340 363 456 9 490 26 932 906 679 
636 925 350 847 378 659 488 170 604 141 
609 967 649 294 305 907 544 875 620 245 
742 725 900 512 531 813 817 247 210 865 
692 683 72 367 655 884 49 351 547 312 
915 719 605 663 742 58 916 982 27 174 
456 1000 197 298 485 155 180 660 761 739 
463 820 778 378 28 439 124 144 596 699 
49 677 176 606 996 816 491 119 645 231 
647 401 308 39 736 38 575 950 817 213 
705 587 940 994 879 988 522 900 596 624 
837 59 957 593 824 4 915 213 294 218 
935 244 636 16 998 38 801 391 902 364 
962 984 627 847 587 13 753 83 961 823 
538 174 922 826 637 945 648 572 486 214 
108 808 532 156 18 987 17 843 906 916 
287 505 659 767 118 764 754 804 776 213 
727 530 467 614 276 943 333 572 978 970 
161 749 17 849 972 830 630 822 747 502 
160 963 741 544 81 962 621 969 180 471 
416 720 645 471 179 468 404 328 443 863 
466 542 592 378 68 433 179 36 392 95 
337 22 893 364 48 881 565 904 831 312 
566 640 4 331 705 697 961 421 530 522 
133 247 432 984 643 42 123 457 924 554 
284 718 803 243 661 706 727 969 980 221 
381 125 223 201 545 810 84 732 534 231 
130 80 631 166 18 517 626 492 117 327 
759 920 811 997 922 949 201 532 296 555 
768 128 392 32 710 439 771 583 517 588 
753 454 949 981 919 657 143 130 312 329 
902 815 831 646 846 738 817 928 441 757 
395 443 294 199 128 665 602 491 74 47 
666 9 955 141 934 380 790 561 340 254 
216 746 928 851 709 415 529 627 185 243 
855 159 289 438 578 173 379 860 872 334 
590 718 352 200 66 52 277 72 484 893 
177 431 665 165 675 627 851 338 821 720 
899 652 24 71 841 567 337 906 185 276 
405 418 343 499 60 513 199 629 503 305 
965 974 542 557 933 357 26 887 473 660 
204 32 719 816 160 317 249 346 4 520 
124 116 743 752 972 110 341 403 643 747 
298 604 179 347 594 434 814 445 952 250 
910 447 358 47 847 47 446 190 324 247 
857 176 14 129 414 935 308 327 349 282 
320 587 76 331 34 691 360 444 128 626 
868 692 898 724 569 379 586 644 731 843 
772 117 95 714 884 233 346 796 844 68 
971 158 327 256 741 189 498 47 742 976 
523 798 303 351 142 979 449 494 524 264 
38 609 938 661 434 142 580 594 94 912 
332 768 318 334 667 57 644 835 894 519 
126 906 408 945 916 856 263 728 300 314 
830 137 568 849 331 243 400 178 956 152 
535 572 779 187 973 735 262 457 912 197 
5 656 365 606 443 521 292 703 699 76 
395 88 549 83 781 170 361 619 921 394 
927 845 770 232 381 767 191 146 550 463 
792 939 600 462 88 919 149 1000 319 139 
693 786 463 757 992 523 391 559 401 516 
776 544 319 514 160 267 950 880 423 85 
458 302 375 348 394 574 364 515 375 303 
120 934 716 954 230 283 589 753 936 44 
309 442 396 682 622 108 74 520 898 356 
386 410 163 215 124 100 101 42 770 973 
288 109 86 134 105 206 780 716 463 979 
554 801 492 511 320 760 47 663 731 467 
369 501 92 664 243 241 54 201 491 577 
824 800 892 135 784 928 284 437 970 977 
64 703 97 271 962 25 213 471 562 571 
141 1 769 585 788 674 84 345 893 494 
983 742 739 317 693 109 360 953 846 733 
295 999 471 321 701 616 875 625 706 193 
406 544 183 9 215 279 628 821 819 306 
515 904 235 667 850 399 518 813 876 415 
573 64 253 592 426 463 127 591 968 636 
869 175 259 332 733 321 812 976 276 487 
906 639 876 135 134 863 973 330 861 593 
989 106 724 825 940 423 580 531 366 595 
256 851 268 519 357 311 172 74 842 804 
60 461 170 753 766 833 457 787 755 807 
824 697 969 153 18 18 748 571 329 538 
977 449 251 508 446 253 491 699 889 697 
751 306 843 27 723 424 994 721 489 820 
712 917 758 988 571 665 415 297 526 515 
839 214 778 959 106 220 191 115 570 690 
834 955 879 40 590 429 784 608 846 811 
767 383 121 705 131 364 497 668 229 207 
951 294 682 479 534 287 858 37 711 592 
291 509 147 204 381 218 658 955 848 937 
589 603 537 458 742 657 291 851 783 599 
493 348 459 115 191 115 471 352 179 173 
433 348 390 284 844 610 471 902 943 560 
88 401 634 970 809 175 72 72 79 834 
300 731 946 360 51 349 42 359 535 165 
696 289 324 999 282 962 106 323 11 535 
649 259 762 187 430 789 142 261 855 428 
441 549 670 231 290 898 412 534 95 279 
79 606 375 160 381 499 386 695 29 661 
84 563 165 215 638 385 734 816 226 108 
13 183 482 137 728 45 932 426 965 368 
758 934 499 814 834 351 169 262 52 503 
800 519 637 404 104 269 125 242 47 62 
978 759 836 709 133 121 577 907 560 324 
120 388 12 175 490 162 347 649 5 585 
403 216 345 652 792 423 592 496 19 662 
820 796 519 212 217 352 499 695 715 399 
20 659 655 137 343 895 998 106 316 613 
717 726 334 336 28 564 374 941 717 660 
817 179 135 521 733 886 692 41 209 251 
984 668 166 859 454 987 324 632 949 749 
515 157 900 372 22 964 420 958 102 338 
478 691 637 178 79 726 863 467 40 917 
129 283 597 503 777 237 702 144 325 388 
987 273 475 417 125 437 993 596 971 651 
787 734 338 371 401 901 974 233 534 613 
631 188 459 977 441 225 370 715 505 554 
908 111 133 36 279 347 45 113 152 639 
909 579 400 46 128 570 400 456 762 66 
47 579 562 135 54 19 478 545 463 298 
96 600 87 526 544 830 115 662 596 14 
142 424 353 184 782 957 635 323 331 622 
498 480 791 158 375 294 198 193 778 637 
981 329 816 461 512 806 487 633 744 451 
320 23 506 729 571 520 65 554 303 375 
278 743 257 814 65 550 119 570 292 858 
822 8 855 922 266 589 767 895 806 706 
530 435 410 951 812 66 523 46 715 267 
163 560 90 775 432 641 978 388 673 787 
688 837 740 513 18 644 241 61 947 824 
756 796 529 973 723 482 791 361 252 664 
242 410 877 645 598 212 722 377 111 915 
489 204 741 900 589 549 739 315 857 350 
977 905 713 956 985 16 587 877 600 617 
93 921 199 146 8 496 403 479 823 32 
567 179 768 491 561 393 418 86 188 502 
639 617 608 61 97 825 340 200 107 116 
413 804 576 447 945 245 860 289 56 263 
216 941 879 302 264 673 436 571 823 424 
438 127 84 482 67 694 941 37 427 735 
215 779 970 749 923 718 438 636 330 221 
468 388 775 194 205 52 375 747 89 521 
670 162 688 782 103 676 63 165 219 165 
180 195 875 84 687 87 144 892 594 889 
302 332 110 565 38 496 946 825 187 297 
947 12 485 283 913 310 360 684 312 88 
727 127 133 192 979 108 583 996 913 433 
737 907 81 137 532 149 524 887 319 70 
307 441 453 267 77 827 677 9 595 535 
801 385 885 479 756 89 551 247 446 661 
7 669 906 447 752 376 282 516 14 971 
59 964 759 252 91 102 888 537 129 579 
320 289 947 897 643 418 408 451 170 83 
440 780 391 963 677 396 473 251 900 471 
876 523 71 857 742 830 232 458 211 857 
477 579 401 145 733 937 591 212 301 81 
632 125 486 554 329 53 343 194 178 337 
320 274 673 562 374 560 964 286 420 74 
446 830 629 674 463 376 886 473 654 35 
306 860 441 401 534 328 204 261 552 833 
843 582 897 221 428 777 48 344 247 249 
691 147 444 799 883 905 443 283 957 316 
985 56 451 481 317 537 256 423 387 759 
532 492 895 300 595 774 387 956 119 314 
98 108 919 239 500 250 980 432 642 447 
301 483 899 800 420 538 828 9 291 299 
865 245 307 743 280 544 492 478 385 479 
820 716 132 258 566 850 289 388 831 483 
224 754 556 267 554 749 450 414 586 258 
767 79 781 184 423 219 841 716 313 438 
772 803 691 476 39 673 950 525 991 438 
709 741 3 557 494 237 738 612 828 762 
417 902 760 619 809 96 517 799 28 338 
412 404 409 310 786 296 145 886 121 211 
819 478 314 508 271 643 445 184 342 445 
327 327 7 575 889 553 202 961 934 469 
766 177 477 348 910 479 231 496 535 0 
668 731 117 543 82 292 633 606 480 374 
689 508 177 130 217 800 440 126 147 466 
790 172 193 105 538 829 965 235 437 892 
294 688 789 572 476 301 138 163 854 748 
12 301 105 912 191 992 734 170 721 773 
868 347 333 886 496 459 85 731 904 413 
115 257 625 553 635 219 35 721 572 626 
192 991 307 345 869 59 270 484 982 181 
705 318 553 108 893 491 371 341 246 974 
97 413 882 603 936 773 753 929 885 312 
985 938 125 914 578 251 492 749 628 707 
781 762 981 234 67 75 970 450 578 68 
5 353 707 921 519 258 709 826 244 189 
881 493 552 960 178 987 962 497 531 964 
363 700 160 282 471 841 312 988 78 266 
200 94 338 735 545 792 183 383 822 699 
745 34 21 157 779 595 147 66 41 960 
728 114 150 847 787 525 353 78 749 832 
572 49 397 440 742 782 764 831 603 381 
644 254 638 422 852 297 153 839 21 321 
145 851 289 356 362 987 710 420 466 319 
435 147 294 14 769 853 399 702 357 416 
360 865 35 345 718 62 43 124 384 575 
179 330 883 257 269 104 372 285 526 191 
898 56 984 179 676 24 282 90 51 699 
612 719 553 779 131 278 216 639 397 476 
882 437 189 942 557 24 186 182 834 827 
133 915 914 78 413 208 355 908 459 759 
21 366 171 622 326 528 879 972 933 626 
1 879 338 734 98 521 412 173 20 627 
680 23 894 8 308 614 706 726 539 971 
781 521 489 933 817 375 748 794 737 921 
702 952 213 440 249 739 893 504 607 37 
689 971 106 596 680 278 163 194 550 770 
61 45 986 785 6 69 986 190 279 61 
277 545 338 665 885 382 701 356 984 177 
165 630 829 324 566 538 805 994 171 86 
260 124 789 135 365 215 797 235 734 951 
809 910 809 414 261 584 136 808 922 920 
751 302 996 205 679 807 678 183 444 581 
539 609 571 448 700 506 852 724 677 134 
651 627 498 230 202 26 570 786 419 242 
110 978 4 835 310 27 171 909 453 868 
721 741 379 706 681 637 967 606 728 836 
291 545 835 205 760 299 889 458 654 722 
429 33 506 451 553 528 204 729 599 817 
304 76 269 793 592 718 105 430 844 982 
680 285 992 114 119 543 637 468 227 477 
562 454 583 83 626 929 778 277 953 721 
804 235 563 47 776 517 466 487 462 189 
863 313 161 310 482 605 381 426 472 928 
176 0 125 76 452 704 543 944 79 493 
605 50 459 367 492 687 308 778 323 331 
66 668 616 153 612 167 939 549 397 91 
609 38 348 948 555 551 765 986 239 8 
787 207 85 64 669 874 206 493 312 464 
639 537 228 263 136 999 173 109 614 691 
225 588 590 784 843 576 854 577 111 768 
766 712 643 599 492 976 726 75 984 485 
467 10 212 793 440 893 655 240 866 685 
505 511 324 805 417 261 595 285 931 271 
608 86 880 180 283 104 523 186 325 565 
112 895 376 62 570 340 808 103 183 822 
408 322 681 76 320 121 969 302 275 5 
308 403 743 232 619 230 676 400 583 570 
38 171 989 344 880 340 586 721 50 351 
528 534 428 2 977 903 69 571 884 205 
867 565 145 145 320 929 147 710 163 975 
839 738 388 783 642 692 957 963 269 524 
291 593 921 647 625 12 256 912 748 850 
375 822 480 891 395 214 273 855 675 398 
261 492 654 432 870 282 999 836 432 411 
116 589 501 351 850 409 11 534 374 703 
682 703 257 217 3 188 951 927 125 766 
332 397 25 131 831 127 113 585 263 260 
636 60 352 513 333 861 115 263 182 385 
982 539 624 593 388 233 687 89 571 400 
88 202 999 912 114 34 749 296 153 17 
173 476 327 486 731 761 937 153 617 81 
899 850 529 796 46 299 160 5 234 949 
168 455 38 760 135 628 583 97 479 955 
685 640 857 91 432 480 373 932 986 307 
769 202 313 888 857 214 353 956 945 829 
385 737 236 328 966 293 29 375 579 801 
179 358 801 219 693 498 663 256 708 780 
924 221 717 398 360 714 676 450 118 471 
47 390 399 46 909 798 468 510 839 934 
879 776 775 944 568 687 412 582 849 805 
453 171 220 129 777 734 74 934 881 194 
381 162 776 180 465 647 834 512 411 878 
174 754 908 782 57 898 784 702 742 248 
320 445 531 316 501 787 560 818 183 595 
822 299 822 310 237 101 482 377 284 861 
772 92 116 956 850 964 620 910 720 18 
870 64 630 215 184 946 615 359 988 148 
535 311 335 379 835 536 415 522 937 962 
21 152 125 376 455 406 334 909 832 755 
808 490 570 801 388 150 974 303 677 570 
912 46 789 549 805 973 572 271 284 193 
60 326 155 304 772 750 45 538 317 365 
335 854 785 411 903 536 201 564 241 708 
265 66 944 667 811 433 674 241 338 260 
104 90 695 608 923 248 496 175 952 307 
204 751 732 870 932 117 638 515 964 361 
178 588 346 736 508 32 153 505 296 856 
717 536 166 627 679 589 913 236 533 11 
835 233 229 190 20 79 4 768 360 504 
728 740 127 739 455 860 790 880 723 140 
790 793 286 79 95 286 85 656 906 364 
599 97 371 619 517 933 395 224 16 544 
270 491 666 80 997 50 223 908 358 585 
677 990 985 944 382 613 431 383 460 47 
469 735 516 607 610 94 970 704 773 515 
26 952 450 48 324 66 566 885 898 103 
858 741 121 560 446 568 817 71 637 928 
663 236 467 38 773 308 115 444 273 201 
153 915 950 991 206 665 660 922 117 726 
850 142 441 600 423 263 596 447 277 623 
300 101 936 822 266 321 343 126 605 717 
832 665 406 224 965 905 332 500 509 418 
398 398 78 97 965 615 939 303 934 681 
753 269 986 877 141 268 376 251 227 416 
600 797 483 309 501 868 868 561 546 724 
322 910 258 313 916 309 921 929 910 267 
158 492 936 917 205 521 818 369 259 630 
479 395 864 638 550 418 690 712 744 561 
981 663 469 931 201 66 582 70 371 41 
53 932 418 198 284 346 137 449 244 625 
957 60 17 54 716 579 55 787 614 384 
85 679 310 602 425 711 618 902 638 74 
384 658 115 154 81 115 747 649 505 341 
508 617 790 37 635 981 592 769 788 724 
671 143 866 259 405 724 532 973 719 447 
900 816 470 318 802 922 302 871 451 252 
924 643 328 473 764 225 560 141 163 463 
953 428 827 454 63 485 309 759 263 417 
360 640 710 130 447 449 741 462 744 267 
897 481 172 820 423 912 11 324 508 31 
245 335 36 452 306 802 355 55 436 312 
893 78 497 984 288 535 448 660 764 600 
246 218 586 502 65 567 317 662 18 929 
453 781 44 893 861 220 830 455 736 740 
544 760 755 627 533 613 672 478 838 137 
894 486 414 267 392 697 593 855 185 307 
224 933 577 627 488 461 495 884 322 606 
67 47 478 424 379 762 919 702 119 85 
724 771 44 410 310 789 34 281 324 202 
102 834 64 379 11 581 821 176 876 294 
851 248 177 829 540 330 963 239 16 668 
252 280 990 820 354 229 761 822 463 51 
865 53 108 733 247 852 306 847 132 642 
363 865 449 647 645 845 684 851 269 919 
992 797 509 138 1000 775 217 162 674 852 
510 505 336 53 78 974 94 623 761 260 
375 106 91 385 764 404 610 126 976 157 
488 448 740 827 961 827 756 539 421 693 
615 295 667 430 986 895 465 59 497 798 
859 581 483 799 475 334 680 177 808 902 
15 497 588 721 614 789 199 343 408 563 
450 599 148 909 443 223 534 70 13 361 
693 996 433 497 343 681 370 325 51 699 
535 87 715 725 82 458 638 502 279 167 
919 381 97 601 800 605 526 848 691 405 
886 118 827 488 761 686 269 212 217 254 
275 680 472 432 494 967 389 699 62 718 
349 408 619 951 671 180 286 137 329 449 
513 141 666 276 408 700 933 386 870 396 
701 894 446 394 821 908 739 408 121 178 
410 212 647 768 135 843 393 838 577 95 
160 812 553 783 100 986 618 429 466 90 
313 495 699 359 321 460 359 61 793 101 
899 24 174 766 567 960 1000 866 93 905 
673 678 229 654 428 99 262 868 756 485 
412 60 716 440 582 536 424 748 61 4 
330 700 962 165 80 640 328 211 143 770 
48 718 317 345 76 71 909 305 490 85 
913 895 792 724 370 676 280 556 194 353 
863 206 271 342 332 64 682 149 928 855 
253 286 915 600 640 391 512 890 954 752 
956 558 22 766 221 751 934 684 532 751 
176 378 206 840 85 776 363 853 766 976 
100 935 694 426 612 955 271 685 823 609 
109 963 355 12 667 627 705 88 99 262 
444 826 590 229 672 715 482 495 118 265 
474 117 400 887 122 341 138 997 709 899 
652 54 389 799 703 144 421 758 458 116 
199 173 934 889 847 519 304 383 331 322 
378 884 849 40 589 320 155 664 319 11 
914 358 524 620 366 349 942 172 29 351 
300 795 538 547 237 466 519 998 99 255 
971 868 19 793 544 229 777 864 797 332 
592 936 465 741 742 800 922 643 565 426 
46 67 992 908 884 963 85 842 897 22 
430 326 287 878 1000 644 897 401 246 44 
600 833 780 612 494 511 542 728 13 772 
932 613 757 567 977 529 914 587 231 224 
111 745 78 879 637 259 745 568 711 203 
952 546 220 681 291 668 81 177 452 78 
736 389 569 386 191 674 241 452 531 385 
126 853 119 455 210 255 710 506 896 365 
920 577 158 321 9 487 241 622 842 60 
555 355 27 140 860 415 647 900 641 48 
416 143 568 930 840 342 118 630 758 872 
223 829 652 351 621 261 829 863 370 381 
800 273 695 147 885 948 26 360 453 355 
46 712 236 39 314 427 846 398 825 299 
759 981 520 739 277 377 414 406 71 70 
817 646 763 592 59 168 762 907 216 228 
482 809 110 518 475 334 1000 162 854 435 
530 120 739 455 830 627 923 573 404 852 
839 754 836 563 920 850 186 886 245 504 
547 298 967 593 911 753 824 593 867 64 
570 248 144 317 863 232 936 322 255 960 
205 682 607 393 599 822 381 145 841 295 
780 822 634 360 624 29 402 519 997 45 
170 494 986 821 913 61 368 512 356 231 
68 404 85 968 832 168 804 538 121 31 
821 161 789 83 344 993 214 12 27 892 
65 237 249 180 547 740 270 631 889 146 
599 613 895 628 977 943 283 690 345 577 
377 821 157 607 35 97 456 66 731 738 
906 162 101 279 113 856 470 971 850 58 
791 843 537 649 116 24 505 409 366 215 
640 363 616 740 73 98 515 176 954 592 
867 510 815 937 473 95 248 822 641 215 
56 576 256 396 575 921 481 117 676 391 
437 35 195 505 108 96 674 335 649 538 
602 650 957 604 351 391 594 939 613 248 
14 569 238 539 467 210 791 452 46 909 
408 642 930 519 37 216 928 390 983 665 
428 529 690 51 124 991 268 628 287 381 
861 678 82 61 810 634 472 466 482 287 
765 858 823 79 247 82 379 415 0 658 
655 342 375 568 764 906 824 804 72 940 
161 570 459 785 218 257 517 83 369 419 
144 634 161 300 40 228 942 966 394 823 
271 542 637 619 698 921 286 640 502 128 
32 349 40 342 311 952 88 60 110 754 
23 647 548 891 301 648 458 991 481 175 
156 298 962 806 199 128 160 424 813 828 
435 77 670 340 375 915 369 796 489 877 
85 194 171 592 30 896 922 328 219 566 
862 771 280 930 110 748 308 35 791 424 
193 708 615 327 358 958 398 261 997 207 
536 296 903 711 684 896 91 745 441 984 
754 81 194 320 127 838 172 817 281 639 
457 573 600 515 716 352 23 795 742 643 
841 952 999 819 444 859 217 948 531 867 
161 393 160 232 805 377 795 574 137 434 
481 794 98 406 542 112 348 712 948 103 
323 250 211 92 47 800 161 35 13 301 
734 946 39 742 256 455 258 832 807 292 
201 265 369 427 312 63 753 587 324 342 
900 723 164 614 999 51 298 114 389 17 
863 925 25 340 938 63 630 671 654 444 
56 550 537 211 827 706 285 488 501 761 
659 311 377 902 2 473 625 798 816 226 
208 692 59 481 341 975 770 970 506 936 
144 2 922 162 610 403 460 302 768 547 
708 764 435 552 261 713 460 757 147 226 
339 175 999 41 603 495 728 786 348 303 
924 280 283 826 162 305 193 220 695 470 
772 849 321 257 875 680 789 341 167 954 
850 328 230 590 154 544 78 193 778 964 
364 252 513 463 740 124 142 224 400 703 
403 964 245 335 348 744 564 184 722 989 
353 700 842 499 406 491 48 51 18 439 
348 361 613 214 250 424 522 712 140 945 
491 669 939 265 162 26 779 985 129 693 
534 178 241 716 388 718 164 238 366 332 
87 203 1000 530 779 130 908 68 673 786 
843 286 314 464 776 561 961 713 742 493 
670 843 860 59 915 524 909 529 675 526 
780 165 297 891 236 647 591 730 552 437 
453 913 378 424 907 258 247 165 642 617 
207 765 199 770 646 502 441 124 423 460 
443 663 140 154 739 508 340 649 586 75 
811 420 146 881 605 515 342 132 505 100 
911 705 142 415 592 662 49 490 946 141 
430 84 58 122 776 732 715 1 819 819 
89 579 663 786 300 242 798 945 116 713 
819 962 803 682 266 310 85 303 945 783 
767 872 850 347 291 324 322 40 332 202 
4 883 743 443 210 473 792 300 587 348 
797 437 377 475 449 922 747 106 755 552 
786 702 879 754 851 562 784 757 642 285 
933 715 893 81 532 447 285 545 807 244 
60 616 48 907 462 113 335 146 570 580 
80 180 493 970 945 713 673 889 333 384 
131 523 541 321 957 94 312 529 439 343 
105 788 803 835 216 490 952 783 44 619 
918 753 549 99 427 513 774 378 186 853 
911 651 735 768 772 270 676 211 118 406 
60 472 39 279 654 144 381 164 812 346 
6 130 382 9 821 52 412 320 649 990 
429 71 887 841 871 61 646 237 569 910 
143 373 871 803 397 233 20 221 43 145 
922 442 78 186 96 584 329 658 991 487 
751 297 594 921 303 188 541 870 286 758 
801 69 335 301 15 564 233 407 496 888 
898 452 962 753 370 639 564 550 810 947 
416 25 525 968 125 98 667 258 44 592 
656 203 977 200 821 658 314 133 68 925 
514 760 374 946 490 117 455 800 253 502 
336 90 738 233 309 222 665 989 925 624 
13 172 246 846 587 615 958 332 95 983 
365 7 936 393 136 997 144 237 37 762 
181 974 77 377 688 891 186 374 884 300 
754 744 224 895 840 982 567 389 424 735 
943 950 88 688 112 688 340 251 500 224 
169 837 499 68 394 92 812 58 57 652 
368 273 791 896 797 197 571 175 196 570 
340 906 833 143 301 437 198 55 65 632 
212 534 924 428 614 688 723 871 494 44 
225 33 341 628 5 377 867 374 236 608 
805 94 949 303 1 593 676 295 555 955 
842 658 737 706 764 467 767 284 511 633 
293 285 188 953 39 850 737 251 643 838 
897 565 437 655 570 133 279 487 761 948 
787 598 868 717 396 356 604 66 385 963 
862 857 79 981 361 871 695 432 629 419 
171 411 728 488 325 656 47 588 797 549 
377 204 870 37 710 109 586 832 118 433 
27 428 209 504 750 812 669 422 99 401 
66 455 249 874 170 856 385 109 364 390 